icsd-150328.cif,0.3350702662626651
icsd-60080.cif,12.739954910027107
icsd-28106.cif,6.928012436753382
icsd-9290.cif,0.6529148015593138
icsd-262538.cif,1.1276619628155204
icsd-92822.cif,0.05706833831552517
icsd-97512.cif,0.05408987230262506
icsd-194046.cif,0.6195173447742932
icsd-426537.cif,0.14572471601325168
icsd-262502.cif,0.9852128619406738
icsd-39459.cif,0.19858365155940372
icsd-250323.cif,0.6735867763236562
icsd-23240.cif,0.398829644979264
icsd-93013.cif,0.12137967783148954
icsd-246037.cif,0.741015810190566
icsd-423429.cif,0.7342297551402649
icsd-99793.cif,0.046906061137432675
icsd-420286.cif,0.25094798360654436
icsd-20173.cif,0.0
icsd-20155.cif,0.0
icsd-423435.cif,1.0764757909825136
icsd-418166.cif,0.0
icsd-170949.cif,0.399335385359224
icsd-75594.cif,0.6971099848319352
icsd-281322.cif,0.3493764649854284
icsd-97675.cif,0.007245688373094719
icsd-248201.cif,1.2593054907557653
icsd-380488.cif,0.2125562950642219
icsd-18001.cif,0.9101633814609226
icsd-425177.cif,0.25861720194692606
icsd-5244.cif,0.5049796672002888
icsd-184715.cif,1.2703745829291377
icsd-248147.cif,0.6915644462617591
icsd-425176.cif,0.12012210057944812
icsd-100261.cif,0.9473331150933029
icsd-93014.cif,0.22796830920108171
icsd-87519.cif,0.1073345903505216
icsd-409640.cif,0.952644857126476
icsd-250215.cif,0.19304009576103245
icsd-251537.cif,0.028735244660769568
icsd-250553.cif,1.1954264172451683
icsd-404439.cif,0.17798539265906066
icsd-171422.cif,0.9712063252422094
icsd-251863.cif,0.7934477943639093
icsd-10443.cif,0.6622915269476627
icsd-260114.cif,0.38059413452928464
icsd-261333.cif,1.3664893880374802
icsd-34700.cif,0.5885988123541891
icsd-172383.cif,1.2897053927157165
icsd-291596.cif,0.9198573906033581
icsd-97761.cif,0.3490524043068332
icsd-48025.cif,7.376726615640894
icsd-248205.cif,0.509828519256837
icsd-172402.cif,0.16142446265314667
icsd-34580.cif,0.029157821788133823
icsd-423143.cif,1.3168657468542855
icsd-91540.cif,1.577724164134922
icsd-27647.cif,0.4059135082631227
icsd-262542.cif,0.6800861815135743
icsd-250666.cif,0.38116456888256095
icsd-250446.cif,0.5722643703078233
icsd-180730.cif,0.006761234037828133
icsd-260879.cif,0.2843502451287178
icsd-185040.cif,0.37988109041796597
icsd-413436.cif,2.1091853821299056
icsd-79025.cif,1.0051667641787225
icsd-291589.cif,0.8675604946657967
icsd-260934.cif,10.663509928277659
icsd-51912.cif,0.5823112815079479
icsd-36404.cif,2.220738857634892
icsd-239790.cif,5.890174338716656
icsd-421885.cif,0.0050709255283711
icsd-183637.cif,1.9421893598523832
icsd-54759.cif,0.881883291868142
icsd-12134.cif,8.577807266984017
icsd-250566.cif,5.21848106184713
icsd-168497.cif,2.112824529031266
icsd-245897.cif,7.358822401748542
icsd-241126.cif,0.16753379900642082
icsd-417919.cif,0.048304589153964794
icsd-423814.cif,0.5165177727085579
icsd-425548.cif,0.5846226906956233
icsd-239001.cif,0.6245963534651037
icsd-261334.cif,0.9567055413538393
icsd-26203.cif,0.0
icsd-171421.cif,0.9218691364623858
icsd-173745.cif,7.126021685311083
icsd-171423.cif,0.43278091895267734
icsd-50039.cif,0.4985723666248509
icsd-422557.cif,0.8405059063275098
icsd-99180.cif,0.09933602185559495
icsd-422556.cif,0.7023231856793972
icsd-75340.cif,0.23611987976247914
icsd-65763.cif,1.2966906687703859
icsd-261420.cif,0.3050089772293206
icsd-187060.cif,0.7484461586386507
icsd-35237.cif,0.3625000788177254
icsd-28427.cif,0.1517002134537218
icsd-262881.cif,0.6506428707348566
icsd-185041.cif,0.37608572984158306
icsd-250600.cif,0.3917289970666675
icsd-409420.cif,0.3664248120107901
icsd-262003.cif,0.6871533602305897
icsd-69537.cif,1.3053103088465028
icsd-174336.cif,0.3980676539771313
icsd-250860.cif,0.5945323091865291
icsd-183434.cif,0.23853221305866987
icsd-30674.cif,2.0403018894271505
icsd-190681.cif,0.1398730291575695
icsd-248203.cif,0.4917190303027785
icsd-100015.cif,0.0011412190641506793
icsd-93602.cif,0.7479615154347372
icsd-260113.cif,1.1470789288656726
icsd-249876.cif,0.5970720304316804
icsd-261332.cif,1.1237377045251389
icsd-248204.cif,0.5009559456916441
icsd-420517.cif,1.7667584360711488
icsd-1973.cif,0.5724214522950891
icsd-39637.cif,0.8568963486799044
icsd-188639.cif,1.6226961690787518
icsd-404328.cif,1.1950058965783987
icsd-172399.cif,0.01774823934929885
icsd-250321.cif,0.01774823934929885
icsd-261970.cif,0.1840784641189212
icsd-34648.cif,0.8426187919643311
icsd-237218.cif,0.6158148763262884
icsd-250725.cif,0.6157589606486029
icsd-245774.cif,4.324744857324231
icsd-238073.cif,1.2841557065135945
icsd-41319.cif,0.6824620606932772
icsd-93390.cif,1.0918175584557985
icsd-238604.cif,1.992873732649842
icsd-59861.cif,4.8296451989373965
icsd-195590.cif,2.0896438948162572
icsd-60949.cif,0.9762847103761719
icsd-239630.cif,0.050709255283710994
icsd-186900.cif,0.18675948372681042
icsd-22009.cif,0.6558397016693289
icsd-416956.cif,0.19788761841967153
icsd-252381.cif,0.8592798756877207
icsd-29406.cif,0.13128775194024692
icsd-425175.cif,0.012677313820927748
icsd-50875.cif,0.07004165427324896
icsd-90849.cif,0.03871218585062504
icsd-93015.cif,0.08712557986416312
icsd-193973.cif,0.6500923927009291
icsd-34256.cif,0.795290153699534
icsd-185674.cif,1.0428076501628165
icsd-95300.cif,1.0402117240986957
icsd-413435.cif,0.7549317219205356
icsd-14383.cif,1.079993992487701
icsd-280304.cif,0.29242337213606673
icsd-426544.cif,2.0209508682560204
icsd-425174.cif,0.7054845936693174
icsd-423661.cif,0.1457891089406691
icsd-412710.cif,1.0570650867468132
icsd-262005.cif,1.2126908185636485
icsd-183885.cif,0.4358332741509566
icsd-77518.cif,0.05546436007108743
icsd-251539.cif,0.060851106340453195
icsd-75995.cif,1.0712330178683949
icsd-80826.cif,1.072923326377852
icsd-91545.cif,1.3209761001406712
icsd-93601.cif,0.6706299011270779
icsd-424027.cif,0.04495616913013322
icsd-1725.cif,0.6115487248430356
icsd-237764.cif,0.7335750505312356
icsd-239629.cif,0.016057930839841816
icsd-67535.cif,2.1105344617621657
icsd-19014.cif,1.6086164566987076
icsd-4119.cif,1.883782147322622
icsd-421470.cif,1.4781747915201755
icsd-201356.cif,1.0382720019339826
icsd-39227.cif,1.0365816934245256
icsd-72101.cif,0.9588639098532428
icsd-240922.cif,1.1154941783374588
icsd-202606.cif,1.0496309067839944
icsd-34361.cif,1.019843621299247
icsd-65175.cif,0.8063706181462242
icsd-29263.cif,6.297666929109542
icsd-252464.cif,1.8254343716600974
icsd-280089.cif,2.064422044682586
icsd-22355.cif,2.0533312561832413
icsd-76314.cif,2.0453740413546906
icsd-62650.cif,0.6024979747051517
icsd-100203.cif,0.6436456508122492
icsd-28203.cif,0.35633265624239646
icsd-15674.cif,0.3561572652902754
icsd-82393.cif,0.2846520432287211
icsd-39735.cif,0.18041041834555743
icsd-10308.cif,4.569044854598534
icsd-60108.cif,4.570594214520638
icsd-14174.cif,3.5390834416756634
icsd-99.cif,3.288554567051639
icsd-422494.cif,0.1348021036291984
icsd-423711.cif,0.03507390157123344
icsd-196464.cif,0.0
icsd-83345.cif,0.0902279388680743
icsd-281258.cif,0.9765757413388009
icsd-30320.cif,0.7403551271421804
icsd-28603.cif,0.9918832460574802
icsd-87990.cif,1.0805297146704085
icsd-87992.cif,1.2089931613891431
icsd-87991.cif,1.092784451363972
icsd-65664.cif,0.9571371934800451
icsd-65665.cif,0.9351631828571036
icsd-85349.cif,0.8933280472480419
icsd-65666.cif,0.888257121719671
icsd-200146.cif,1.2786054186756235
icsd-420550.cif,0.7695134130456355
icsd-69387.cif,0.3274972737073002
icsd-85006.cif,0.6867121269047862
icsd-69018.cif,0.6971512611710466
icsd-39117.cif,0.17156631370988887
icsd-71933.cif,0.08997762949491285
icsd-39788.cif,0.2148885868581781
icsd-39463.cif,0.10852730619745517
icsd-39586.cif,0.08978491494889858
icsd-250124.cif,1.3625344469214784
icsd-19024.cif,1.4342267702742928
icsd-200603.cif,0.5823681620680137
icsd-249322.cif,0.5801983958711266
icsd-174101.cif,0.3302263437329586
icsd-83734.cif,0.3588340908580242
icsd-39929.cif,0.0
icsd-39262.cif,1.0065402128082117
icsd-60002.cif,2.398865057043593
icsd-427843.cif,1.7101696344431532
icsd-429369.cif,0.9934788264333712
icsd-200063.cif,1.7103441550084089
icsd-64910.cif,3.173697771565228
icsd-201282.cif,2.543315701898569
icsd-39611.cif,2.9774784394085643
icsd-8241.cif,2.8490149926898294
icsd-68431.cif,2.84014087301518
icsd-49685.cif,2.8788695181235555
icsd-94334.cif,2.715826808244766
icsd-39585.cif,0.5607992298411939
icsd-250123.cif,4.427460628740545
icsd-100275.cif,3.4655078824514782
icsd-419312.cif,0.16057930839841816
icsd-420522.cif,0.016480507967206074
icsd-248309.cif,0.1537457239049191
icsd-86152.cif,0.1558720934734936
icsd-20112.cif,0.1461702448386486
icsd-100080.cif,0.6892232947311052
icsd-261971.cif,0.20105836039745847
icsd-27103.cif,0.0
icsd-4013.cif,7.659286591172463
icsd-28178.cif,1.9929733948000792
icsd-28213.cif,0.026579843777533668
icsd-39133.cif,4.986504387797509
icsd-97016.cif,0.013827164430586488
icsd-161260.cif,0.003903600291794133
icsd-166629.cif,0.16183807310012657
icsd-200614.cif,0.02024780999327605
icsd-250160.cif,1.8500712142020501
icsd-4225.cif,0.0979752641280052
icsd-16178.cif,0.6780066617175183
icsd-18211.cif,0.399829871558487
icsd-20662.cif,0.12206895982345779
icsd-200264.cif,0.07399451395365804
icsd-409663.cif,1.0729801067698364
icsd-89423.cif,1.282141809258094
icsd-172480.cif,0.8524566669617988
icsd-173746.cif,10.529896869548786
icsd-245016.cif,0.3656886719080928
icsd-245017.cif,2.7541634539279585
icsd-249471.cif,0.1719888908372531
icsd-401681.cif,1.5064874590535808
icsd-36431.cif,0.18461919623659837
icsd-59277.cif,0.05972045992231919
icsd-154105.cif,0.48896249247526036
icsd-260309.cif,0.5172344038938521
icsd-155156.cif,0.6452112979851012
icsd-164854.cif,0.6300092591912175
icsd-164855.cif,0.5933173064983662
icsd-260439.cif,0.6151934461537087
icsd-254193.cif,0.2756811909572705
icsd-62488.cif,2.2113529407517536
icsd-431201.cif,0.153551410655473
icsd-254192.cif,0.8294588023295097
icsd-257741.cif,0.498744485588324
icsd-253012.cif,0.3946848833472814
icsd-247762.cif,0.8363594579229333
icsd-421260.cif,0.9606982839878205
icsd-263515.cif,0.5869596299089548
icsd-426915.cif,1.060352458248806
icsd-431283.cif,2.867163835902086
icsd-254161.cif,1.26078294740855
icsd-431892.cif,0.7118711427003653
icsd-433331.cif,0.06845749463300985
icsd-433805.cif,1.141713467931925
icsd-244721.cif,1.0726470661738783
icsd-254205.cif,0.5175491695067657
icsd-427409.cif,1.1020811481659858
icsd-253696.cif,0.8240253983603036
icsd-254160.cif,1.2529657331992077
icsd-244334.cif,1.6465826942633703
icsd-187776.cif,0.8953609859928537
icsd-255766.cif,1.0140513394535895
icsd-431863.cif,0.31190963282274414
icsd-255774.cif,0.7302765294898977
icsd-433804.cif,1.2075290433261596
icsd-244340.cif,0.921582554501714
icsd-291434.cif,1.095766746121072
icsd-253695.cif,0.8903700073564923
icsd-418092.cif,0.21635948921050024
icsd-244343.cif,0.7880548687689685
icsd-244344.cif,0.8725878997884069
icsd-244134.cif,0.023862203626336814
icsd-432925.cif,0.24233514769740647
icsd-4481.cif,0.3464280314183322
icsd-167112.cif,0.03169328455231937
icsd-432664.cif,0.1876242445497307
icsd-244133.cif,0.01365606441249071
icsd-426601.cif,0.7038766903642252
icsd-428001.cif,0.39395174650130516
icsd-255442.cif,6.243023115370279
icsd-431106.cif,0.19423202864713368
icsd-258333.cif,5.560203244401018
icsd-244341.cif,1.4349913306524256
icsd-242177.cif,0.050852049637954144
icsd-432814.cif,0.14658351268296235
icsd-264388.cif,1.1060040213480669
icsd-253356.cif,0.016903085094570332
icsd-243671.cif,1.2739866449176662
icsd-263469.cif,1.0480235934276252
ccdc-721109.cif,0.811348084539376
ccdc-215387.cif,1.217022126809064
ccdc-733215.cif,17.038309775326894
ccdc-796704.cif,0.20790794666321505
ccdc-717527.cif,0.1386052977754767
ccdc-204429.cif,2.772105955509534
ccdc-776499.cif,0.0202837021134844
ccdc-228202.cif,1.386052977754767
ccdc-252554.cif,1.7325662221934588
ccdc-166257.cif,0.38116456888256095
ccdc-733214.cif,0.5197698666580376
ccdc-253095.cif,0.811348084539376
ccdc-253657.cif,0.6930264888773835
ccdc-685360.cif,0.7099295739719539
ccdc-699321.cif,1.01418510567422
ccdc-243124.cif,0.34651324443869175
ccdc-284645.cif,0.304255531702266
ccdc-707030.cif,0.1386052977754767
ccdc-684877.cif,0.2772105955509534
ccdc-699796.cif,0.304255531702266
ccdc-777591.cif,0.2772105955509534
ccdc-274122.cif,0.811348084539376
ccdc-171168.cif,50.709255283710995
ccdc-214766.cif,0.811348084539376
ccdc-741354.cif,0.796980462208991
ccdc-291263.cif,0.405674042269688
ccdc-241012.cif,0.34651324443869175
ccdc-264631.cif,5.0709255283711
ccdc-820530.cif,0.405674042269688
ccdc-255238.cif,0.06930264888773835
ccdc-730712.cif,1.212796355535421
ccdc-730709.cif,1.01418510567422
ccdc-688445.cif,1.01418510567422
ccdc-757032.cif,0.811348084539376
ccdc-738977.cif,0.17325662221934587
ccdc-202452.cif,0.17325662221934587
ccdc-771904.cif,1.7325662221934588
ccdc-646926.cif,1.0395397333160752
ccdc-730710.cif,0.8662831110967294
ccdc-184132.cif,0.5197698666580376
ccdc-140222.cif,0.060851106340453195
ccdc-687640.cif,0.9009344355405986
ccdc-137264.cif,0.7099295739719539
ccdc-259378.cif,0.50709255283711
ccdc-228201.cif,2.941136806455238
ccdc-759796.cif,0.06930264888773835
ccdc-159024.cif,0.101418510567422
ccdc-154307.cif,1.217022126809064
ccdc-252072.cif,0.8662831110967294
ccdc-721105.cif,1.0395397333160752
ccdc-820531.cif,0.9702370844283368
ccdc-757029.cif,0.304255531702266
ccdc-776500.cif,0.9127665951067979
ccdc-734924.cif,3.4651324443869176
ccdc-204430.cif,0.6930264888773835
ccdc-683451.cif,0.34651324443869175
ccdc-777590.cif,0.608511063404532
ccdc-662550.cif,0.5197698666580376
ccdc-284242.cif,0.608511063404532
ccdc-244477.cif,6.08511063404532
ccdc-251148.cif,0.050709255283711
ccdc-274123.cif,0.34651324443869175
ccdc-202453.cif,6.930264888773835
ccdc-174370.cif,1.0395397333160752
ccdc-230122.cif,2.2523360888514965
ccdc-734009.cif,0.34651324443869175
ccdc-244478.cif,1.01418510567422
mp-9791.cif,58.06655554513503
mp-715584.cif,9.735055559801342
mp-17066.cif,0.08068687669893147
mp-22925.cif,10.823856734137923
mp-18463.cif,0.6767218529400884
mp-632229.cif,2.9096822748583326
mp-6015.cif,0.3308593648810984
mp-8943.cif,60.353692850405174
mp-20694.cif,1.0896320259938346
mp-7688.cif,2.274151431515249
mp-556717.cif,6.955607153649836
mp-6257.cif,1.6223882193423842
mp-3589.cif,0.7869998464778697
mp-558387.cif,1.984887566924732
mp-555434.cif,0.0
mp-1178514.cif,13.130906302578987
mp-22981.cif,8.158009457505639
mp-1100408.cif,56.49698149014499
mp-571156.cif,0.48526722867381217
mp-556120.cif,1.585756854057543
mp-696457.cif,0.3442365386184331
mp-997035.cif,12.963854919450904
mp-19241.cif,1.7339725319060741
mp-1700.cif,0.05654081964133777
mp-29966.cif,0.34223676390976554
mp-14444.cif,13.325062106678276
mp-556966.cif,0.45241107255617485
mp-545399.cif,10.2285089778257
mp-29085.cif,0.012237833608468921
mp-30927.cif,0.671167606415793
mp-17677.cif,0.5404839216850025
mp-983357.cif,0.16371619539108934
mp-29155.cif,4.085509473527838
mp-18502.cif,0.45977688087862373
mp-752676.cif,4.733216680723385
mp-2739.cif,0.0
mp-560721.cif,0.07431441361827847
mp-4515.cif,19.309257878157577
mp-230.cif,5.6799193079013435
mp-10695.cif,12.116900486159818
mp-27987.cif,1.9273726316225464
mp-625830.cif,8.885292613896935
mp-560394.cif,0.19143589023855628
mp-154.cif,0.0011325067013362123
mp-24118.cif,0.3787474277140374
mp-23672.cif,0.5559847264731547
mp-28405.cif,0.593199831507859
mp-2469.cif,16.722416469537016
mp-30530.cif,4.306737051245574
mp-38487.cif,1.2915076564693866
mp-18509.cif,0.0696207142820501
mp-1100395.cif,0.033053982902432284
mp-9813.cif,11.766652101846415
mp-997027.cif,10.160943091356517
mp-604884.cif,14.552923693427182
mp-24468.cif,0.4425642843690028
mp-555235.cif,0.24750193847437119
mp-546285.cif,31.259959486641662
mp-768232.cif,0.048021664753674316
mp-28128.cif,4.601898723166962
mp-733.cif,1.3150027311939771
mp-696735.cif,0.0
mp-7446.cif,53.5961503956578
mp-6765.cif,0.33282103809562225
mp-27608.cif,0.08264763456990164
mp-18929.cif,0.36112596150294785
mp-36582.cif,1.0319897579369024
mp-27755.cif,0.020290749710385858
mp-22909.cif,2.587969771590593
mp-558085.cif,0.40438918366558013
mp-639506.cif,0.008713540366251006
mp-554573.cif,0.3870912937734948
mp-557836.cif,0.10686362813462418
mp-9844.cif,0.9483778001709776
mp-306.cif,2.009847568481133
mp-560398.cif,5.774879861762123
mp-558102.cif,0.19642731837695565
mp-685145.cif,11.48655526168129
mp-555251.cif,0.27750902156935536
mp-696736.cif,0.07812329608046624
mp-36111.cif,14.770008722603574
mp-626620.cif,1.4533845088845947
mp-972808.cif,0.2403502498834724
mp-540632.cif,0.18880883769166154
mp-2133.cif,20.57072569961252
mp-961682.cif,19.413015748720536
mp-1572.cif,30.273486617850782
mp-754712.cif,1.1696427792889832
mp-1184046.cif,42.28256163673491
mp-28549.cif,0.47270513073061476
mp-27726.cif,1.8292939146009835
mp-556378.cif,2.2894045544638897
mp-1479.cif,10.91351914902207
mp-622018.cif,77.72063891248027
mp-8673.cif,6.72026403203851
mp-28261.cif,4.714603579807866
mp-558215.cif,1.48986429596345
mp-28295.cif,7.468772968584791
mp-19219.cif,1.762340072595579
mp-3667.cif,1.8822514922484268
mp-13979.cif,4.168618400275815
mp-23334.cif,3.4063784901147125
mp-7375.cif,19.957849786628316
mp-558753.cif,4.832406504400316
mp-23612.cif,1.0305465198395138
mp-626000.cif,1.6566938228810963
mp-757836.cif,0.22160789713236434
mp-38322.cif,12.515742882961291
mp-7029.cif,0.0
mp-557391.cif,0.977341888337468
mp-3775.cif,0.018307439289352658
mp-753401.cif,2.1579397749482743
mp-550714.cif,14.158944661626983
mp-27934.cif,1.4265562932994902
mp-556605.cif,6.161519106186473
mp-696794.cif,0.6438216081670893
mp-13033.cif,16.96501799835684
mp-7323.cif,0.4547875161142106
mp-3491.cif,3.233336139909337
mp-2340.cif,0.6106114108396755
mp-5967.cif,24.834519713495567
mp-31451.cif,67.16185625742594
mp-562613.cif,0.22225139181309336
mp-5116.cif,0.34455074044049777
mp-23317.cif,0.4096040095541756
mp-541040.cif,0.3569593510271363
mp-1018093.cif,99.04720737303533
mp-21892.cif,1.6702861993294669
mp-3281.cif,0.27178127888327513
mp-8537.cif,0.0
mp-13868.cif,87.99630875384172
mp-703444.cif,0.060849901788080536
mp-625136.cif,1.8670010851694248
mp-999498.cif,0.8611783793981693
mp-9203.cif,0.9269482835011424
mp-757031.cif,0.0
mp-1778.cif,0.3199415946700273
mp-6081.cif,6.002712824662894
mp-1880.cif,2.287384185334439
mp-16855.cif,1.233650902403107
mp-7339.cif,0.2194696568679012
mp-13863.cif,0.2637050305603918
mp-28099.cif,41.982101607000324
mp-4779.cif,0.21002503166232805
mp-643759.cif,0.37632482101301296
mp-1066781.cif,14.946863539784175
mp-3277.cif,2.924867469758164
mp-9437.cif,124.69457428674072
mp-29909.cif,1.519096084761624
mp-7667.cif,62.7212532503702
mp-752955.cif,3.728390886017337
mp-24066.cif,0.6092193250585226
mp-624234.cif,9.017647752869767
mp-961678.cif,85.46617330016595
mp-20459.cif,23.177085941547627
mp-561224.cif,3.2011485129224657
mp-557118.cif,0.3135522285042796
mp-7575.cif,21.126498387842222
mp-13031.cif,6.526898117619558
mp-1023924.cif,2.574703608462258
mp-13032.cif,71.43864949342648
mp-770481.cif,0.5048845526445106
mp-24595.cif,1.183718299879864
mp-696752.cif,0.47153691334068126
mp-5046.cif,1.4134537844126622
mp-696946.cif,0.9635117609804351
mp-28027.cif,0.7357944083751864
mp-7868.cif,12.537494954443497
mp-8075.cif,0.19947586510175921
mp-924130.cif,33.628992051179374
mp-2542.cif,0.22665879595718738
mp-632296.cif,0.3605844919360258
mp-541629.cif,0.10870374024318182
mp-557.cif,0.0
mp-11625.cif,0.04089328504662791
mp-4376.cif,0.14047308867842676
mp-556719.cif,1.671371715189994
mp-561104.cif,12.950752855529803
mp-759722.cif,0.11700474600060747
mp-552663.cif,1.1163858753862415
mp-6980.cif,61.6851473762354
mp-3977.cif,1.210894758462282
mp-6040.cif,0.0030362884611063587
mp-540635.cif,0.3658382562853491
mp-17944.cif,0.24981753379311908
mp-23844.cif,0.9555567550237027
mp-542931.cif,0.715764517857521
mp-4497.cif,0.7787298889926315
mp-6945.cif,0.0
mp-1228894.cif,1.221929780170148
mp-555903.cif,12.827228882478346
mp-18741.cif,1.578573323764516
mp-1070.cif,27.560000071158168
mp-1023934.cif,4.209110084453436
mp-706621.cif,0.1740196111115887
mp-28264.cif,16.16744483548797
mp-14921.cif,0.6582230366676634
mp-28512.cif,0.3205331474352721
mp-29910.cif,2.0052839914326825
mp-35082.cif,1.1194966959929127
mp-7913.cif,1.3672630179804992
mp-4690.cif,0.2332541227625233
mp-22895.cif,1.1196180989516025
mp-15349.cif,0.46640625539074737
mp-567636.cif,84.5399180431537
mp-380.cif,9.14524877908331
mp-9066.cif,0.3187769431540912
mp-559122.cif,0.05081067379427842
mp-23280.cif,0.10452867822482292
mp-24473.cif,0.3789603521792347
mp-561664.cif,0.8595049739738068
mp-29524.cif,0.44036762442629357
mp-1788.cif,0.6527464370970225
mp-6930.cif,0.3146629944045201
mp-13546.cif,0.0
mp-23866.cif,0.9147527076054099
mp-9870.cif,0.7007546748565673
mp-8062.cif,5.998296388999606
mp-505702.cif,1.5660454793842995
mp-20546.cif,4.7654474796717174
mp-549697.cif,0.06934468805831318
mp-625151.cif,0.6901670373902248
mp-9064.cif,0.7760408273808181
mp-761252.cif,0.051078455527233974
mp-9113.cif,1.295492097803177
mp-558608.cif,25.016845455610127
mp-1550.cif,8.249914096734583
mp-1218912.cif,9.34844250843122
mp-6870.cif,0.4679886610347978
mp-760762.cif,0.40186239658086237
mp-1219182.cif,5.663201178542296
mp-540634.cif,0.4603910392264385
mp-23407.cif,8.003881503889817
mp-560156.cif,0.12171066422345367
mp-866291.cif,17.021871525072427
mp-557027.cif,0.14588679510072838
mp-6661.cif,1.1378905047331682
mp-27791.cif,0.7025488453108574
mp-22869.cif,30.641269978397794
mp-17392.cif,0.05870441453344276
mp-23959.cif,0.356271762584741
mp-12171.cif,1.6544495076910166
mp-9392.cif,1.586565824689108
mp-29525.cif,0.04959365166746936
mp-31454.cif,32.51263624765103
mp-14168.cif,0.11405417714736232
mp-41472.cif,0.8417529213486863
mp-5518.cif,54.193471804112626
mp-23427.cif,9.424008283621754
mp-557537.cif,2.398708354227929
mp-769218.cif,60.609765362228444
mp-4514.cif,12.083861743205432
mp-37906.cif,2.6077995168477632
mp-549720.cif,22.184264901614302
mp-2691.cif,42.69755636521419
mp-4524.cif,89.5079519943936
mp-1219312.cif,72.36320922068887
mp-23996.cif,0.20161154746548765
mp-13252.cif,2.1529881122311316
mp-554432.cif,0.38657654496015836
mp-29526.cif,1.541967034667084
mp-755436.cif,0.8565078765356563
mp-252.cif,5.865624074092324
mp-14058.cif,0.26838029733942836
mp-2172.cif,12.824700271409855
mp-998917.cif,0.0889356492880426
mp-14.cif,153.47359598423392
mp-9338.cif,0.22984815111596735
mp-625150.cif,1.0434618214039357
mp-551905.cif,0.31499362071091447
mp-28123.cif,0.07086903216497316
mp-924128.cif,163.39150002022944
mp-761033.cif,4.865635101945851
mp-644222.cif,2.3178203188379585
mp-1986.cif,23.156981484827483
mp-4906.cif,4.024264832919472
mp-556489.cif,3.5172192965018207
mp-558990.cif,0.22573793291589886
mp-2964.cif,6.766098014661105
mp-5342.cif,17.052360751826317
mp-559961.cif,0.7254550576313167
mp-3731.cif,16.665916029959668
mp-752467.cif,15.480525100319648
mp-28477.cif,0.38406902409902954
mp-504908.cif,0.566743943232282
mp-554089.cif,0.3481953414720782
mp-10851.cif,0.0
mp-2452.cif,0.7171633997612697
mp-10341.cif,1.1578195980869757
mp-29305.cif,2.070196924223808
mp-23363.cif,0.010133399514194914
mp-5020.cif,17.00593397803781
mp-8882.cif,23.146754452427196
mp-6253.cif,0.16200084840753737
mp-504894.cif,0.7402000984328494
mp-1434.cif,11.020016428589864
mp-8884.cif,39.556646581546694
mp-7848.cif,0.25956072837447064
mp-23321.cif,0.04047958149604857
mp-769349.cif,2.313324231685814
mp-24509.cif,0.035268287049821
mp-505297.cif,79.2644313789681
mp-31408.cif,1.2628765962998543
mp-8377.cif,1.2845668548469669
mp-562072.cif,0.2443509981271087
mp-8184.cif,1.1049937298757682
mp-556797.cif,0.49153637706297026
mp-1207095.cif,32.97536798101414
mp-560008.cif,0.3986723233194805
mp-6922.cif,0.0
mp-10616.cif,64.40736559039694
mp-1100415.cif,52.9780718805297
mp-961713.cif,48.369462632580195
mp-7457.cif,0.0
mp-756570.cif,14.05313585467752
mp-753798.cif,1.1675314728193882
mp-780075.cif,1.1401713314510489
mp-8070.cif,0.6153548057185808
mp-553342.cif,0.4356925219310824
mp-13843.cif,0.0
mp-30847.cif,37.8412577598314
mp-1228888.cif,28.765636407769605
mp-600059.cif,0.14130848650078612
mp-23297.cif,4.751884037356331
mp-26949.cif,0.10585523443431058
mp-23360.cif,13.612143475061771
mp-510293.cif,6.990746795028684
mp-5730.cif,2.07907645834028
mp-27988.cif,0.7046260403998165
mp-754604.cif,1.3696958056267197
mp-556049.cif,0.4535542864804189
mp-11674.cif,6.28169285399868
mp-23794.cif,0.30890523338612014
mp-555318.cif,0.0468299972545071
mp-4342.cif,15.537649496250467
mp-639714.cif,5.535051255696778
mp-223.cif,1.2789882096518996
mp-1287.cif,0.1419602868679091
mp-1190.cif,31.73682689952298
mp-10182.cif,82.31542133545295
mp-23326.cif,0.28651986097368703
mp-7000.cif,0.28508678453110675
mp-752580.cif,0.34646811603460914
mp-21896.cif,6.208908650472358
mp-27640.cif,1.803280278686594
mp-1039.cif,8.489095816639805
mp-23778.cif,0.9910363306372058
mp-540631.cif,0.1282969887929305
mp-632684.cif,0.6332938609148054
mp-756117.cif,3.4344281551658917
mp-555218.cif,0.43828480137810805
mp-22958.cif,3.7523121855088357
mp-7826.cif,13.53207520821407
mp-23904.cif,0.644367428753266
mp-642725.cif,0.27467117936248964
mp-12177.cif,20.656612933918858
mp-1008556.cif,2.072816873604612
mp-9535.cif,1.1011937361985207
mp-6655.cif,0.36349239341618766
mp-28205.cif,0.35945137273482813
mp-552185.cif,15.054625948970477
mp-2624.cif,80.41319039662274
mp-38975.cif,1.6941113696142265
mp-2176.cif,105.24117706772925
mp-569346.cif,5.046740267096413
mp-15573.cif,6.1297188861887495
mp-24390.cif,0.23606607602836238
mp-9747.cif,1.926601534154303
mp-672.cif,6.416373474013926
mp-570213.cif,132.69232816003452
mp-17161.cif,1.8812065321682203
mp-7595.cif,0.2691478239608434
mp-23843.cif,0.42652399773384037
mp-23064.cif,7.861509283598823
mp-555891.cif,0.07454542418967812
mp-542136.cif,2.274880480931649
mp-961687.cif,132.39634668848603
mp-556422.cif,0.40247935918681416
mp-561385.cif,0.7001237517209437
mp-27230.cif,0.9550581140134128
mp-997023.cif,40.16039038290039
mp-7140.cif,5.783944778075155
mp-3996.cif,1.9605659626143428
mp-422.cif,2.3163396205620876
mp-9816.cif,0.01921880775252647
mp-31455.cif,59.43317414421008
mp-29172.cif,0.054301160866307194
mp-3079.cif,0.0
mp-559057.cif,1.6293947841631553
mp-13703.cif,0.8955781574034147
mp-14367.cif,0.0933726420624065
mp-971712.cif,13.013414764948184
mp-1018100.cif,42.20476518576217
mp-6486.cif,0.03689780545803568
mp-29946.cif,6.908265523523253
mp-7812.cif,0.0
mp-7787.cif,17.67131340903346
mp-4117.cif,0.1278470208826605
mp-4187.cif,7.455775517283868
mp-22913.cif,86.28904083719728
mp-758337.cif,0.028141663842237968
mp-6434.cif,0.3247888332161449
mp-8076.cif,0.311042120367736
mp-27931.cif,3.5455066140116
mp-7610.cif,0.5068728127308806
mp-29515.cif,0.15791436640817463
mp-21266.cif,0.11114885964327299
mp-23063.cif,0.2533719564386
mp-27914.cif,0.10739375114835258
mp-7648.cif,0.12964666267535446
mp-23329.cif,8.216685364265059
mp-7664.cif,0.479844904373625
mp-3094.cif,0.22675622330935885
mp-3432.cif,129.22726332798797
mp-12885.cif,1.9222121188260948
mp-539.cif,14.433846086053466
mp-8624.cif,0.955151080981433
mp-540633.cif,0.29158030144451835
mp-3288.cif,0.038581565422831025
mp-966800.cif,98.0655778568035
mp-27367.cif,4.645738133872603
mp-554151.cif,0.3857800658603787
mp-3660.cif,0.8416365876846871
mp-23400.cif,11.074937404386194
mp-24610.cif,0.22462002778236936
mp-866665.cif,0.06533114731522636
mp-30300.cif,1.4139205763037888
mp-553887.cif,4.382827628803774
mp-559872.cif,0.0
mp-614803.cif,0.8145326842809346
mp-10796.cif,2.9463988941183614
mp-27704.cif,14.90306355128032
mp-1227052.cif,0.8837778041696098
mp-17229.cif,3.3343415774975083
mp-7581.cif,17.87068456567949
mp-555150.cif,1.6714738810391836
mp-9063.cif,0.9227073613634421
mp-626799.cif,0.4522744002862484
mp-29047.cif,1.6589264608032914
mp-546757.cif,2.1265916096803488
mp-6268.cif,6.412927176586294
mp-1014251.cif,14.135015442454515
mp-550959.cif,7.8015239263904
mp-752917.cif,0.9963575917128397
mp-756044.cif,0.2817210171445368
mp-707138.cif,0.8050012391714805
mp-661.cif,1.5424101366627492
mp-626785.cif,1.2924524620621356
mp-5853.cif,1.1158255175254563
mp-1094088.cif,97.13462648722428
mp-11321.cif,0.9499280276872107
mp-3338.cif,0.26598007282322417
mp-2254.cif,3.8029227698763237
mp-3519.cif,21.966928230286808
mp-1818.cif,0.02926769184124853
mp-557773.cif,0.11553077594509695
mp-541950.cif,3.2845740118554474
mp-561942.cif,2.1456438157345685
mp-8883.cif,47.4075255413378
mp-541462.cif,0.0
mp-4812.cif,0.7380647591118663
mp-28456.cif,8.534209179594122
mp-1541.cif,2.555678853958656
mp-1340.cif,78.99906132047042
mp-754594.cif,7.995113697008049
mp-13666.cif,50.26243669911226
mp-28918.cif,9.530586777266281
mp-632326.cif,1.5160374622522956
mp-8059.cif,0.031101676574009408
mp-5709.cif,7.017975306445924
mp-27277.cif,0.42568058549865323
mp-16577.cif,0.19897261165918334
mp-5784.cif,0.23927348988333913
mp-760755.cif,0.09891338425010804
mp-560588.cif,28.669048837055136
mp-570935.cif,0.24455673927488056
mp-18578.cif,5.491949093643566
mp-650960.cif,0.5603686822619551
mp-12403.cif,0.054384066731770944
mp-14368.cif,0.7593119370757411
mp-625054.cif,0.8613089509986972
mp-9212.cif,0.2288366552202268
mp-1008680.cif,13.513585504439067
mp-4533.cif,0.056785077759834726
mp-406.cif,94.84626992403625
mp-6126.cif,2.733240571590887
mp-12240.cif,0.008781152706629287
mp-961673.cif,34.761338173207186
mp-28797.cif,9.125916903290426
mp-559053.cif,0.6657255230012127
mp-756156.cif,0.8512754226699516
mp-12779.cif,51.35202811099842
mp-1008559.cif,3.3748001434829265
mp-559736.cif,4.903729314560986
mp-6800.cif,0.610606979282559
mp-9062.cif,0.6429616842616451
mp-1215430.cif,40.70959297878433
mp-755663.cif,5.768763438545642
mp-20496.cif,2.8657552740580323
mp-559091.cif,0.0
mp-22993.cif,1.1087409636932464
mp-2654.cif,1.5833081969080405
mp-5263.cif,0.1451529752627174
mp-555203.cif,0.5807815523068893
mp-830.cif,4.954852043026685
mp-1023936.cif,3.059191737020931
mp-1023937.cif,3.5501112765926752
mp-13150.cif,14.763272445150402
mp-5854.cif,0.6266021824852178
mp-559065.cif,6.49796690407304
mp-553374.cif,1.0533179758336444
mp-34579.cif,0.9724106905858833
mp-28513.cif,0.197998399187853
mp-2490.cif,48.7515653226855
mp-1004528.cif,0.3155146687073737
mp-22894.cif,5.695725986476425
mp-559377.cif,1.7216130230521776
mp-27229.cif,2.8967229790700357
mp-9268.cif,0.2874330074328708
mp-4236.cif,1.8341597534540104
mp-28040.cif,0.9328812663693365
mp-27316.cif,0.09656269367371546
mp-14175.cif,3.1360293775956336
mp-8880.cif,9.648340415697998
mp-17250.cif,0.07117043979068838
mp-23195.cif,48.696689456925974
mp-22914.cif,115.09775475733038
mp-554845.cif,0.0
mp-16964.cif,0.11219365443392107
mp-6564.cif,0.14035476708276473
mp-23292.cif,11.981311335813828
mp-11342.cif,30.430037341756062
mp-555560.cif,5.581457859024955
mp-570136.cif,0.8692408372657581
mp-972825.cif,0.8931252102269072
mp-16792.cif,7.0488968877191125
mp-863374.cif,5.29619994078288
mp-559545.cif,5.7675183594038915
mp-2534.cif,142.14100060013348
mp-551629.cif,1.1664480962061097
mp-7324.cif,0.4445437440321202
mp-18938.cif,2.445281830640776
mp-3427.cif,0.0
mp-1228809.cif,54.103074362480896
mp-1225654.cif,55.65191069472298
mp-677192.cif,0.0623219357698013
mp-1215446.cif,41.10071276026735
mp-38011.cif,6.982842571320352
mp-690977.cif,3.222643488884922
mp-6062.cif,1.729193881222445
mp-29505.cif,0.49617315986601757
mp-703459.cif,0.1580054436343737
mp-997026.cif,42.09788745835405
mp-34078.cif,0.9998597402940835
mp-13725.cif,0.1996488420774264
mp-29365.cif,8.69420042964975
mp-9309.cif,0.8617651376785297
mp-9197.cif,0.2605504044755658
mp-1067154.cif,2.349517669640384
mp-754585.cif,6.211407072125331
mp-29839.cif,1.1464901679947244
mp-20351.cif,90.02158853932285
mp-862539.cif,0.588539325504859
mp-555880.cif,0.951083569180813
mp-10517.cif,0.7850735880127658
mp-27529.cif,46.64541989614342
mp-3161.cif,90.64538844319542
mp-545343.cif,0.0
mp-606393.cif,0.8428131774429185
mp-558491.cif,0.9163067631738268
mp-707304.cif,0.31599086582036634
mp-23339.cif,0.0011663128715253528
mp-3666.cif,8.844143660583915
mp-18168.cif,2.408540245666697
mp-697111.cif,0.42927607116544253
mp-23487.cif,9.410485187244927
mp-21521.cif,7.52557003117935
mp-753671.cif,2.88222955490066
mp-1017534.cif,86.43319034688378
