icsd-150328,0.3350702662626651,0,0,0,0,0,0,0,0,0,0,0
icsd-60080,12.739954910027107,0,0,0,0,0,0,0,0,0,0,0
icsd-28106,6.928012436753382,0,0,0,0,0,0,0,0,0,0,0
icsd-9290,0.6529148015593138,0,0,0,0,0,0,0,0,0,0,0
icsd-262538,1.1276619628155204,0,0,0,0,0,0,0,0,0,0,0
icsd-92822,0.05706833831552517,0,0,0,0,0,0,0,0,0,0,0
icsd-97512,0.05408987230262506,0,0,0,0,0,0,0,0,0,0,0
icsd-194046,0.6195173447742932,0,0,0,0,0,0,0,0,0,0,0
icsd-426537,0.14572471601325168,0,0,0,0,0,0,0,0,0,0,0
icsd-262502,0.9852128619406738,0,0,0,0,0,0,0,0,0,0,0
icsd-39459,0.19858365155940372,0,0,0,0,0,0,0,0,0,0,0
icsd-250323,0.6735867763236562,0,0,0,0,0,0,0,0,0,0,0
icsd-23240,0.398829644979264,0,0,0,0,0,0,0,0,0,0,0
icsd-93013,0.12137967783148954,0,0,0,0,0,0,0,0,0,0,0
icsd-246037,0.741015810190566,0,0,0,0,0,0,0,0,0,0,0
icsd-423429,0.7342297551402649,0,0,0,0,0,0,0,0,0,0,0
icsd-99793,0.046906061137432675,0,0,0,0,0,0,0,0,0,0,0
icsd-420286,0.25094798360654436,0,0,0,0,0,0,0,0,0,0,0
icsd-20173,0.0,0,0,0,0,0,0,0,0,0,0,0
icsd-20155,0.0,0,0,0,0,0,0,0,0,0,0,0
icsd-423435,1.0764757909825136,0,0,0,0,0,0,0,0,0,0,0
icsd-418166,0.0,0,0,0,0,0,0,0,0,0,0,0
icsd-170949,0.399335385359224,0,0,0,0,0,0,0,0,0,0,0
icsd-75594,0.6971099848319352,0,0,0,0,0,0,0,0,0,0,0
icsd-281322,0.3493764649854284,0,0,0,0,0,0,0,0,0,0,0
icsd-97675,0.007245688373094719,0,0,0,0,0,0,0,0,0,0,0
icsd-248201,1.2593054907557653,0,0,0,0,0,0,0,0,0,0,0
icsd-380488,0.2125562950642219,0,0,0,0,0,0,0,0,0,0,0
icsd-18001,0.9101633814609226,0,0,0,0,0,0,0,0,0,0,0
icsd-425177,0.25861720194692606,0,0,0,0,0,0,0,0,0,0,0
icsd-5244,0.5049796672002888,0,0,0,0,0,0,0,0,0,0,0
icsd-184715,1.2703745829291377,0,0,0,0,0,0,0,0,0,0,0
icsd-248147,0.6915644462617591,0,0,0,0,0,0,0,0,0,0,0
icsd-425176,0.12012210057944812,0,0,0,0,0,0,0,0,0,0,0
icsd-100261,0.9473331150933029,0,0,0,0,0,0,0,0,0,0,0
icsd-93014,0.22796830920108171,0,0,0,0,0,0,0,0,0,0,0
icsd-87519,0.1073345903505216,0,0,0,0,0,0,0,0,0,0,0
icsd-409640,0.952644857126476,0,0,0,0,0,0,0,0,0,0,0
icsd-250215,0.19304009576103245,0,0,0,0,0,0,0,0,0,0,0
icsd-251537,0.028735244660769568,0,0,0,0,0,0,0,0,0,0,0
icsd-250553,1.1954264172451683,0,0,0,0,0,0,0,0,0,0,0
icsd-404439,0.17798539265906066,0,0,0,0,0,0,0,0,0,0,0
icsd-171422,0.9712063252422094,0,0,0,0,0,0,0,0,0,0,0
icsd-251863,0.7934477943639093,0,0,0,0,0,0,0,0,0,0,0
icsd-10443,0.6622915269476627,0,0,0,0,0,0,0,0,0,0,0
icsd-260114,0.38059413452928464,0,0,0,0,0,0,0,0,0,0,0
icsd-261333,1.3664893880374802,0,0,0,0,0,0,0,0,0,0,0
icsd-34700,0.5885988123541891,0,0,0,0,0,0,0,0,0,0,0
icsd-172383,1.2897053927157165,0,0,0,0,0,0,0,0,0,0,0
icsd-291596,0.9198573906033581,0,0,0,0,0,0,0,0,0,0,0
icsd-97761,0.3490524043068332,0,0,0,0,0,0,0,0,0,0,0
icsd-48025,7.376726615640894,0,0,0,0,0,0,0,0,0,0,0
icsd-248205,0.509828519256837,0,0,0,0,0,0,0,0,0,0,0
icsd-172402,0.16142446265314667,0,0,0,0,0,0,0,0,0,0,0
icsd-34580,0.029157821788133823,0,0,0,0,0,0,0,0,0,0,0
icsd-423143,1.3168657468542855,0,0,0,0,0,0,0,0,0,0,0
icsd-91540,1.577724164134922,0,0,0,0,0,0,0,0,0,0,0
icsd-27647,0.4059135082631227,0,0,0,0,0,0,0,0,0,0,0
icsd-262542,0.6800861815135743,0,0,0,0,0,0,0,0,0,0,0
icsd-250666,0.38116456888256095,0,0,0,0,0,0,0,0,0,0,0
icsd-250446,0.5722643703078233,0,0,0,0,0,0,0,0,0,0,0
icsd-180730,0.006761234037828133,0,0,0,0,0,0,0,0,0,0,0
icsd-260879,0.2843502451287178,0,0,0,0,0,0,0,0,0,0,0
icsd-185040,0.37988109041796597,0,0,0,0,0,0,0,0,0,0,0
icsd-413436,2.1091853821299056,0,0,0,0,0,0,0,0,0,0,0
icsd-79025,1.0051667641787225,0,0,0,0,0,0,0,0,0,0,0
icsd-291589,0.8675604946657967,0,0,0,0,0,0,0,0,0,0,0
icsd-260934,10.663509928277659,0,0,0,0,0,0,0,0,0,0,0
icsd-51912,0.5823112815079479,0,0,0,0,0,0,0,0,0,0,0
icsd-36404,2.220738857634892,0,0,0,0,0,0,0,0,0,0,0
icsd-239790,5.890174338716656,0,0,0,0,0,0,0,0,0,0,0
icsd-421885,0.0050709255283711,0,0,0,0,0,0,0,0,0,0,0
icsd-183637,1.9421893598523832,0,0,0,0,0,0,0,0,0,0,0
icsd-54759,0.881883291868142,0,0,0,0,0,0,0,0,0,0,0
icsd-12134,8.577807266984017,0,0,0,0,0,0,0,0,0,0,0
icsd-250566,5.21848106184713,0,0,0,0,0,0,0,0,0,0,0
icsd-168497,2.112824529031266,0,0,0,0,0,0,0,0,0,0,0
icsd-245897,7.358822401748542,0,0,0,0,0,0,0,0,0,0,0
icsd-241126,0.16753379900642082,0,0,0,0,0,0,0,0,0,0,0
icsd-417919,0.048304589153964794,0,0,0,0,0,0,0,0,0,0,0
icsd-423814,0.5165177727085579,0,0,0,0,0,0,0,0,0,0,0
icsd-425548,0.5846226906956233,0,0,0,0,0,0,0,0,0,0,0
icsd-239001,0.6245963534651037,0,0,0,0,0,0,0,0,0,0,0
icsd-261334,0.9567055413538393,0,0,0,0,0,0,0,0,0,0,0
icsd-26203,0.0,0,0,0,0,0,0,0,0,0,0,0
icsd-171421,0.9218691364623858,0,0,0,0,0,0,0,0,0,0,0
icsd-173745,7.126021685311083,0,0,0,0,0,0,0,0,0,0,0
icsd-171423,0.43278091895267734,0,0,0,0,0,0,0,0,0,0,0
icsd-50039,0.4985723666248509,0,0,0,0,0,0,0,0,0,0,0
icsd-422557,0.8405059063275098,0,0,0,0,0,0,0,0,0,0,0
icsd-99180,0.09933602185559495,0,0,0,0,0,0,0,0,0,0,0
icsd-422556,0.7023231856793972,0,0,0,0,0,0,0,0,0,0,0
icsd-75340,0.23611987976247914,0,0,0,0,0,0,0,0,0,0,0
icsd-65763,1.2966906687703859,0,0,0,0,0,0,0,0,0,0,0
icsd-261420,0.3050089772293206,0,0,0,0,0,0,0,0,0,0,0
icsd-187060,0.7484461586386507,0,0,0,0,0,0,0,0,0,0,0
icsd-35237,0.3625000788177254,0,0,0,0,0,0,0,0,0,0,0
icsd-28427,0.1517002134537218,0,0,0,0,0,0,0,0,0,0,0
icsd-262881,0.6506428707348566,0,0,0,0,0,0,0,0,0,0,0
icsd-185041,0.37608572984158306,0,0,0,0,0,0,0,0,0,0,0
icsd-250600,0.3917289970666675,0,0,0,0,0,0,0,0,0,0,0
icsd-409420,0.3664248120107901,0,0,0,0,0,0,0,0,0,0,0
icsd-262003,0.6871533602305897,0,0,0,0,0,0,0,0,0,0,0
icsd-69537,1.3053103088465028,0,0,0,0,0,0,0,0,0,0,0
icsd-174336,0.3980676539771313,0,0,0,0,0,0,0,0,0,0,0
icsd-250860,0.5945323091865291,0,0,0,0,0,0,0,0,0,0,0
icsd-183434,0.23853221305866987,0,0,0,0,0,0,0,0,0,0,0
icsd-30674,2.0403018894271505,0,0,0,0,0,0,0,0,0,0,0
icsd-190681,0.1398730291575695,0,0,0,0,0,0,0,0,0,0,0
icsd-248203,0.4917190303027785,0,0,0,0,0,0,0,0,0,0,0
icsd-100015,0.0011412190641506793,0,0,0,0,0,0,0,0,0,0,0
icsd-93602,0.7479615154347372,0,0,0,0,0,0,0,0,0,0,0
icsd-260113,1.1470789288656726,0,0,0,0,0,0,0,0,0,0,0
icsd-249876,0.5970720304316804,0,0,0,0,0,0,0,0,0,0,0
icsd-261332,1.1237377045251389,0,0,0,0,0,0,0,0,0,0,0
icsd-248204,0.5009559456916441,0,0,0,0,0,0,0,0,0,0,0
icsd-420517,1.7667584360711488,0,0,0,0,0,0,0,0,0,0,0
icsd-1973,0.5724214522950891,0,0,0,0,0,0,0,0,0,0,0
icsd-39637,0.8568963486799044,0,0,0,0,0,0,0,0,0,0,0
icsd-188639,1.6226961690787518,0,0,0,0,0,0,0,0,0,0,0
icsd-404328,1.1950058965783987,0,0,0,0,0,0,0,0,0,0,0
icsd-172399,0.01774823934929885,0,0,0,0,0,0,0,0,0,0,0
icsd-250321,0.01774823934929885,0,0,0,0,0,0,0,0,0,0,0
icsd-261970,0.1840784641189212,0,0,0,0,0,0,0,0,0,0,0
icsd-34648,0.8426187919643311,0,0,0,0,0,0,0,0,0,0,0
icsd-237218,0.6158148763262884,0,0,0,0,0,0,0,0,0,0,0
icsd-250725,0.6157589606486029,0,0,0,0,0,0,0,0,0,0,0
icsd-245774,4.324744857324231,0,0,0,0,0,0,0,0,0,0,0
icsd-238073,1.2841557065135945,0,0,0,0,0,0,0,0,0,0,0
icsd-41319,0.6824620606932772,0,0,0,0,0,0,0,0,0,0,0
icsd-93390,1.0918175584557985,0,0,0,0,0,0,0,0,0,0,0
icsd-238604,1.992873732649842,0,0,0,0,0,0,0,0,0,0,0
icsd-59861,4.8296451989373965,0,0,0,0,0,0,0,0,0,0,0
icsd-195590,2.0896438948162572,0,0,0,0,0,0,0,0,0,0,0
icsd-60949,0.9762847103761719,0,0,0,0,0,0,0,0,0,0,0
icsd-239630,0.050709255283710994,0,0,0,0,0,0,0,0,0,0,0
icsd-186900,0.18675948372681042,0,0,0,0,0,0,0,0,0,0,0
icsd-22009,0.6558397016693289,0,0,0,0,0,0,0,0,0,0,0
icsd-416956,0.19788761841967153,0,0,0,0,0,0,0,0,0,0,0
icsd-252381,0.8592798756877207,0,0,0,0,0,0,0,0,0,0,0
icsd-29406,0.13128775194024692,0,0,0,0,0,0,0,0,0,0,0
icsd-425175,0.012677313820927748,0,0,0,0,0,0,0,0,0,0,0
icsd-50875,0.07004165427324896,0,0,0,0,0,0,0,0,0,0,0
icsd-90849,0.03871218585062504,0,0,0,0,0,0,0,0,0,0,0
icsd-93015,0.08712557986416312,0,0,0,0,0,0,0,0,0,0,0
icsd-193973,0.6500923927009291,0,0,0,0,0,0,0,0,0,0,0
icsd-34256,0.795290153699534,0,0,0,0,0,0,0,0,0,0,0
icsd-185674,1.0428076501628165,0,0,0,0,0,0,0,0,0,0,0
icsd-95300,1.0402117240986957,0,0,0,0,0,0,0,0,0,0,0
icsd-413435,0.7549317219205356,0,0,0,0,0,0,0,0,0,0,0
icsd-14383,1.079993992487701,0,0,0,0,0,0,0,0,0,0,0
icsd-280304,0.29242337213606673,0,0,0,0,0,0,0,0,0,0,0
icsd-426544,2.0209508682560204,0,0,0,0,0,0,0,0,0,0,0
icsd-425174,0.7054845936693174,0,0,0,0,0,0,0,0,0,0,0
icsd-423661,0.1457891089406691,0,0,0,0,0,0,0,0,0,0,0
icsd-412710,1.0570650867468132,0,0,0,0,0,0,0,0,0,0,0
icsd-262005,1.2126908185636485,0,0,0,0,0,0,0,0,0,0,0
icsd-183885,0.4358332741509566,0,0,0,0,0,0,0,0,0,0,0
icsd-77518,0.05546436007108743,0,0,0,0,0,0,0,0,0,0,0
icsd-251539,0.060851106340453195,0,0,0,0,0,0,0,0,0,0,0
icsd-75995,1.0712330178683949,0,0,0,0,0,0,0,0,0,0,0
icsd-80826,1.072923326377852,0,0,0,0,0,0,0,0,0,0,0
icsd-91545,1.3209761001406712,0,0,0,0,0,0,0,0,0,0,0
icsd-93601,0.6706299011270779,0,0,0,0,0,0,0,0,0,0,0
icsd-424027,0.04495616913013322,0,0,0,0,0,0,0,0,0,0,0
icsd-1725,0.6115487248430356,0,0,0,0,0,0,0,0,0,0,0
icsd-237764,0.7335750505312356,0,0,0,0,0,0,0,0,0,0,0
icsd-239629,0.016057930839841816,0,0,0,0,0,0,0,0,0,0,0
icsd-67535,2.1105344617621657,0,0,0,0,0,0,0,0,0,0,0
icsd-19014,1.6086164566987076,0,0,0,0,0,0,0,0,0,0,0
icsd-4119,1.883782147322622,0,0,0,0,0,0,0,0,0,0,0
icsd-421470,1.4781747915201755,0,0,0,0,0,0,0,0,0,0,0
icsd-201356,1.0382720019339826,0,0,0,0,0,0,0,0,0,0,0
icsd-39227,1.0365816934245256,0,0,0,0,0,0,0,0,0,0,0
icsd-72101,0.9588639098532428,0,0,0,0,0,0,0,0,0,0,0
icsd-240922,1.1154941783374588,0,0,0,0,0,0,0,0,0,0,0
icsd-202606,1.0496309067839944,0,0,0,0,0,0,0,0,0,0,0
icsd-34361,1.019843621299247,0,0,0,0,0,0,0,0,0,0,0
icsd-65175,0.8063706181462242,0,0,0,0,0,0,0,0,0,0,0
icsd-29263,6.297666929109542,0,0,0,0,0,0,0,0,0,0,0
icsd-252464,1.8254343716600974,0,0,0,0,0,0,0,0,0,0,0
icsd-280089,2.064422044682586,0,0,0,0,0,0,0,0,0,0,0
icsd-22355,2.0533312561832413,0,0,0,0,0,0,0,0,0,0,0
icsd-76314,2.0453740413546906,0,0,0,0,0,0,0,0,0,0,0
icsd-62650,0.6024979747051517,0,0,0,0,0,0,0,0,0,0,0
icsd-100203,0.6436456508122492,0,0,0,0,0,0,0,0,0,0,0
icsd-28203,0.35633265624239646,0,0,0,0,0,0,0,0,0,0,0
icsd-15674,0.3561572652902754,0,0,0,0,0,0,0,0,0,0,0
icsd-82393,0.2846520432287211,0,0,0,0,0,0,0,0,0,0,0
icsd-39735,0.18041041834555743,0,0,0,0,0,0,0,0,0,0,0
icsd-10308,4.569044854598534,0,0,0,0,0,0,0,0,0,0,0
icsd-60108,4.570594214520638,0,0,0,0,0,0,0,0,0,0,0
icsd-14174,3.5390834416756634,0,0,0,0,0,0,0,0,0,0,0
icsd-99,3.288554567051639,0,0,0,0,0,0,0,0,0,0,0
icsd-422494,0.1348021036291984,0,0,0,0,0,0,0,0,0,0,0
icsd-423711,0.03507390157123344,0,0,0,0,0,0,0,0,0,0,0
icsd-196464,0.0,0,0,0,0,0,0,0,0,0,0,0
icsd-83345,0.0902279388680743,0,0,0,0,0,0,0,0,0,0,0
icsd-281258,0.9765757413388009,0,0,0,0,0,0,0,0,0,0,0
icsd-30320,0.7403551271421804,0,0,0,0,0,0,0,0,0,0,0
icsd-28603,0.9918832460574802,0,0,0,0,0,0,0,0,0,0,0
icsd-87990,1.0805297146704085,0,0,0,0,0,0,0,0,0,0,0
icsd-87992,1.2089931613891431,0,0,0,0,0,0,0,0,0,0,0
icsd-87991,1.092784451363972,0,0,0,0,0,0,0,0,0,0,0
icsd-65664,0.9571371934800451,0,0,0,0,0,0,0,0,0,0,0
icsd-65665,0.9351631828571036,0,0,0,0,0,0,0,0,0,0,0
icsd-85349,0.8933280472480419,0,0,0,0,0,0,0,0,0,0,0
icsd-65666,0.888257121719671,0,0,0,0,0,0,0,0,0,0,0
icsd-200146,1.2786054186756235,0,0,0,0,0,0,0,0,0,0,0
icsd-420550,0.7695134130456355,0,0,0,0,0,0,0,0,0,0,0
icsd-69387,0.3274972737073002,0,0,0,0,0,0,0,0,0,0,0
icsd-85006,0.6867121269047862,0,0,0,0,0,0,0,0,0,0,0
icsd-69018,0.6971512611710466,0,0,0,0,0,0,0,0,0,0,0
icsd-39117,0.17156631370988887,0,0,0,0,0,0,0,0,0,0,0
icsd-71933,0.08997762949491285,0,0,0,0,0,0,0,0,0,0,0
icsd-39788,0.2148885868581781,0,0,0,0,0,0,0,0,0,0,0
icsd-39463,0.10852730619745517,0,0,0,0,0,0,0,0,0,0,0
icsd-39586,0.08978491494889858,0,0,0,0,0,0,0,0,0,0,0
icsd-250124,1.3625344469214784,0,0,0,0,0,0,0,0,0,0,0
icsd-19024,1.4342267702742928,0,0,0,0,0,0,0,0,0,0,0
icsd-200603,0.5823681620680137,0,0,0,0,0,0,0,0,0,0,0
icsd-249322,0.5801983958711266,0,0,0,0,0,0,0,0,0,0,0
icsd-174101,0.3302263437329586,0,0,0,0,0,0,0,0,0,0,0
icsd-83734,0.3588340908580242,0,0,0,0,0,0,0,0,0,0,0
icsd-39929,0.0,0,0,0,0,0,0,0,0,0,0,0
icsd-39262,1.0065402128082117,0,0,0,0,0,0,0,0,0,0,0
icsd-60002,2.398865057043593,0,0,0,0,0,0,0,0,0,0,0
icsd-427843,1.7101696344431532,0,0,0,0,0,0,0,0,0,0,0
icsd-429369,0.9934788264333712,0,0,0,0,0,0,0,0,0,0,0
icsd-200063,1.7103441550084089,0,0,0,0,0,0,0,0,0,0,0
icsd-64910,3.173697771565228,0,0,0,0,0,0,0,0,0,0,0
icsd-201282,2.543315701898569,0,0,0,0,0,0,0,0,0,0,0
icsd-39611,2.9774784394085643,0,0,0,0,0,0,0,0,0,0,0
icsd-8241,2.8490149926898294,0,0,0,0,0,0,0,0,0,0,0
icsd-68431,2.84014087301518,0,0,0,0,0,0,0,0,0,0,0
icsd-49685,2.8788695181235555,0,0,0,0,0,0,0,0,0,0,0
icsd-94334,2.715826808244766,0,0,0,0,0,0,0,0,0,0,0
icsd-39585,0.5607992298411939,0,0,0,0,0,0,0,0,0,0,0
icsd-250123,4.427460628740545,0,0,0,0,0,0,0,0,0,0,0
icsd-100275,3.4655078824514782,0,0,0,0,0,0,0,0,0,0,0
icsd-419312,0.16057930839841816,0,0,0,0,0,0,0,0,0,0,0
icsd-420522,0.016480507967206074,0,0,0,0,0,0,0,0,0,0,0
icsd-248309,0.1537457239049191,0,0,0,0,0,0,0,0,0,0,0
icsd-86152,0.1558720934734936,0,0,0,0,0,0,0,0,0,0,0
icsd-20112,0.1461702448386486,0,0,0,0,0,0,0,0,0,0,0
icsd-100080,0.6892232947311052,0,0,0,0,0,0,0,0,0,0,0
icsd-261971,0.20105836039745847,0,0,0,0,0,0,0,0,0,0,0
icsd-27103,0.0,0,0,0,0,0,0,0,0,0,0,0
icsd-4013,7.659286591172463,0,0,0,0,0,0,0,0,0,0,0
icsd-28178,1.9929733948000792,0,0,0,0,0,0,0,0,0,0,0
icsd-28213,0.026579843777533668,0,0,0,0,0,0,0,0,0,0,0
icsd-39133,4.986504387797509,0,0,0,0,0,0,0,0,0,0,0
icsd-97016,0.013827164430586488,0,0,0,0,0,0,0,0,0,0,0
icsd-161260,0.003903600291794133,0,0,0,0,0,0,0,0,0,0,0
icsd-166629,0.16183807310012657,0,0,0,0,0,0,0,0,0,0,0
icsd-200614,0.02024780999327605,0,0,0,0,0,0,0,0,0,0,0
icsd-250160,1.8500712142020501,0,0,0,0,0,0,0,0,0,0,0
icsd-4225,0.0979752641280052,0,0,0,0,0,0,0,0,0,0,0
icsd-16178,0.6780066617175183,0,0,0,0,0,0,0,0,0,0,0
icsd-18211,0.399829871558487,0,0,0,0,0,0,0,0,0,0,0
icsd-20662,0.12206895982345779,0,0,0,0,0,0,0,0,0,0,0
icsd-200264,0.07399451395365804,0,0,0,0,0,0,0,0,0,0,0
icsd-409663,1.0729801067698364,0,0,0,0,0,0,0,0,0,0,0
icsd-89423,1.282141809258094,0,0,0,0,0,0,0,0,0,0,0
icsd-172480,0.8524566669617988,0,0,0,0,0,0,0,0,0,0,0
icsd-173746,10.529896869548786,0,0,0,0,0,0,0,0,0,0,0
icsd-245016,0.3656886719080928,0,0,0,0,0,0,0,0,0,0,0
icsd-245017,2.7541634539279585,0,0,0,0,0,0,0,0,0,0,0
icsd-249471,0.1719888908372531,0,0,0,0,0,0,0,0,0,0,0
icsd-401681,1.5064874590535808,0,0,0,0,0,0,0,0,0,0,0
icsd-36431,0.18461919623659837,0,0,0,0,0,0,0,0,0,0,0
icsd-59277,0.05972045992231919,0,0,0,0,0,0,0,0,0,0,0
icsd-154105,0.48896249247526036,0,0,0,0,0,0,0,0,0,0,0
icsd-260309,0.5172344038938521,0,0,0,0,0,0,0,0,0,0,0
icsd-155156,0.6452112979851012,0,0,0,0,0,0,0,0,0,0,0
icsd-164854,0.6300092591912175,0,0,0,0,0,0,0,0,0,0,0
icsd-164855,0.5933173064983662,0,0,0,0,0,0,0,0,0,0,0
icsd-260439,0.6151934461537087,0,0,0,0,0,0,0,0,0,0,0
icsd-254193,0.2756811909572705,0,0,0,0,0,0,0,0,0,0,0
icsd-62488,2.2113529407517536,0,0,0,0,0,0,0,0,0,0,0
icsd-431201,0.153551410655473,0,0,0,0,0,0,0,0,0,0,0
icsd-254192,0.8294588023295097,0,0,0,0,0,0,0,0,0,0,0
icsd-257741,0.498744485588324,0,0,0,0,0,0,0,0,0,0,0
icsd-253012,0.3946848833472814,0,0,0,0,0,0,0,0,0,0,0
icsd-247762,0.8363594579229333,0,0,0,0,0,0,0,0,0,0,0
icsd-421260,0.9606982839878205,0,0,0,0,0,0,0,0,0,0,0
icsd-263515,0.5869596299089548,0,0,0,0,0,0,0,0,0,0,0
icsd-426915,1.060352458248806,0,0,0,0,0,0,0,0,0,0,0
icsd-431283,2.867163835902086,0,0,0,0,0,0,0,0,0,0,0
icsd-254161,1.26078294740855,0,0,0,0,0,0,0,0,0,0,0
icsd-431892,0.7118711427003653,0,0,0,0,0,0,0,0,0,0,0
icsd-433331,0.06845749463300985,0,0,0,0,0,0,0,0,0,0,0
icsd-433805,1.141713467931925,0,0,0,0,0,0,0,0,0,0,0
icsd-244721,1.0726470661738783,0,0,0,0,0,0,0,0,0,0,0
icsd-254205,0.5175491695067657,0,0,0,0,0,0,0,0,0,0,0
icsd-427409,1.1020811481659858,0,0,0,0,0,0,0,0,0,0,0
icsd-253696,0.8240253983603036,0,0,0,0,0,0,0,0,0,0,0
icsd-254160,1.2529657331992077,0,0,0,0,0,0,0,0,0,0,0
icsd-244334,1.6465826942633703,0,0,0,0,0,0,0,0,0,0,0
icsd-187776,0.8953609859928537,0,0,0,0,0,0,0,0,0,0,0
icsd-255766,1.0140513394535895,0,0,0,0,0,0,0,0,0,0,0
icsd-431863,0.31190963282274414,0,0,0,0,0,0,0,0,0,0,0
icsd-255774,0.7302765294898977,0,0,0,0,0,0,0,0,0,0,0
icsd-433804,1.2075290433261596,0,0,0,0,0,0,0,0,0,0,0
icsd-244340,0.921582554501714,0,0,0,0,0,0,0,0,0,0,0
icsd-291434,1.095766746121072,0,0,0,0,0,0,0,0,0,0,0
icsd-253695,0.8903700073564923,0,0,0,0,0,0,0,0,0,0,0
icsd-418092,0.21635948921050024,0,0,0,0,0,0,0,0,0,0,0
icsd-244343,0.7880548687689685,0,0,0,0,0,0,0,0,0,0,0
icsd-244344,0.8725878997884069,0,0,0,0,0,0,0,0,0,0,0
icsd-244134,0.023862203626336814,0,0,0,0,0,0,0,0,0,0,0
icsd-432925,0.24233514769740647,0,0,0,0,0,0,0,0,0,0,0
icsd-4481,0.3464280314183322,0,0,0,0,0,0,0,0,0,0,0
icsd-167112,0.03169328455231937,0,0,0,0,0,0,0,0,0,0,0
icsd-432664,0.1876242445497307,0,0,0,0,0,0,0,0,0,0,0
icsd-244133,0.01365606441249071,0,0,0,0,0,0,0,0,0,0,0
icsd-426601,0.7038766903642252,0,0,0,0,0,0,0,0,0,0,0
icsd-428001,0.39395174650130516,0,0,0,0,0,0,0,0,0,0,0
icsd-255442,6.243023115370279,0,0,0,0,0,0,0,0,0,0,0
icsd-431106,0.19423202864713368,0,0,0,0,0,0,0,0,0,0,0
icsd-258333,5.560203244401018,0,0,0,0,0,0,0,0,0,0,0
icsd-244341,1.4349913306524256,0,0,0,0,0,0,0,0,0,0,0
icsd-242177,0.050852049637954144,0,0,0,0,0,0,0,0,0,0,0
icsd-432814,0.14658351268296235,0,0,0,0,0,0,0,0,0,0,0
icsd-264388,1.1060040213480669,0,0,0,0,0,0,0,0,0,0,0
icsd-253356,0.016903085094570332,0,0,0,0,0,0,0,0,0,0,0
icsd-243671,1.2739866449176662,0,0,0,0,0,0,0,0,0,0,0
icsd-263469,1.0480235934276252,0,0,0,0,0,0,0,0,0,0,0
ccdc-721109,0.811348084539376,0,0,0,0,0,0,0,0,0,0,0
ccdc-215387,1.217022126809064,0,0,0,0,0,0,0,0,0,0,0
ccdc-733215,17.038309775326894,0,0,0,0,0,0,0,0,0,0,0
ccdc-796704,0.20790794666321505,0,0,0,0,0,0,0,0,0,0,0
ccdc-717527,0.1386052977754767,0,0,0,0,0,0,0,0,0,0,0
ccdc-204429,2.772105955509534,0,0,0,0,0,0,0,0,0,0,0
ccdc-776499,0.0202837021134844,0,0,0,0,0,0,0,0,0,0,0
ccdc-228202,1.386052977754767,0,0,0,0,0,0,0,0,0,0,0
ccdc-252554,1.7325662221934588,0,0,0,0,0,0,0,0,0,0,0
ccdc-166257,0.38116456888256095,0,0,0,0,0,0,0,0,0,0,0
ccdc-733214,0.5197698666580376,0,0,0,0,0,0,0,0,0,0,0
ccdc-253095,0.811348084539376,0,0,0,0,0,0,0,0,0,0,0
ccdc-253657,0.6930264888773835,0,0,0,0,0,0,0,0,0,0,0
ccdc-685360,0.7099295739719539,0,0,0,0,0,0,0,0,0,0,0
ccdc-699321,1.01418510567422,0,0,0,0,0,0,0,0,0,0,0
ccdc-243124,0.34651324443869175,0,0,0,0,0,0,0,0,0,0,0
ccdc-284645,0.304255531702266,0,0,0,0,0,0,0,0,0,0,0
ccdc-707030,0.1386052977754767,0,0,0,0,0,0,0,0,0,0,0
ccdc-684877,0.2772105955509534,0,0,0,0,0,0,0,0,0,0,0
ccdc-699796,0.304255531702266,0,0,0,0,0,0,0,0,0,0,0
ccdc-777591,0.2772105955509534,0,0,0,0,0,0,0,0,0,0,0
ccdc-274122,0.811348084539376,0,0,0,0,0,0,0,0,0,0,0
ccdc-171168,50.709255283710995,0,0,0,0,0,0,0,0,0,0,0
ccdc-214766,0.811348084539376,0,0,0,0,0,0,0,0,0,0,0
ccdc-741354,0.796980462208991,0,0,0,0,0,0,0,0,0,0,0
ccdc-291263,0.405674042269688,0,0,0,0,0,0,0,0,0,0,0
ccdc-241012,0.34651324443869175,0,0,0,0,0,0,0,0,0,0,0
ccdc-264631,5.0709255283711,0,0,0,0,0,0,0,0,0,0,0
ccdc-820530,0.405674042269688,0,0,0,0,0,0,0,0,0,0,0
ccdc-255238,0.06930264888773835,0,0,0,0,0,0,0,0,0,0,0
ccdc-730712,1.212796355535421,0,0,0,0,0,0,0,0,0,0,0
ccdc-730709,1.01418510567422,0,0,0,0,0,0,0,0,0,0,0
ccdc-688445,1.01418510567422,0,0,0,0,0,0,0,0,0,0,0
ccdc-757032,0.811348084539376,0,0,0,0,0,0,0,0,0,0,0
ccdc-738977,0.17325662221934587,0,0,0,0,0,0,0,0,0,0,0
ccdc-202452,0.17325662221934587,0,0,0,0,0,0,0,0,0,0,0
ccdc-771904,1.7325662221934588,0,0,0,0,0,0,0,0,0,0,0
ccdc-646926,1.0395397333160752,0,0,0,0,0,0,0,0,0,0,0
ccdc-730710,0.8662831110967294,0,0,0,0,0,0,0,0,0,0,0
ccdc-184132,0.5197698666580376,0,0,0,0,0,0,0,0,0,0,0
ccdc-140222,0.060851106340453195,0,0,0,0,0,0,0,0,0,0,0
ccdc-687640,0.9009344355405986,0,0,0,0,0,0,0,0,0,0,0
ccdc-137264,0.7099295739719539,0,0,0,0,0,0,0,0,0,0,0
ccdc-259378,0.50709255283711,0,0,0,0,0,0,0,0,0,0,0
ccdc-228201,2.941136806455238,0,0,0,0,0,0,0,0,0,0,0
ccdc-759796,0.06930264888773835,0,0,0,0,0,0,0,0,0,0,0
ccdc-159024,0.101418510567422,0,0,0,0,0,0,0,0,0,0,0
ccdc-154307,1.217022126809064,0,0,0,0,0,0,0,0,0,0,0
ccdc-252072,0.8662831110967294,0,0,0,0,0,0,0,0,0,0,0
ccdc-721105,1.0395397333160752,0,0,0,0,0,0,0,0,0,0,0
ccdc-820531,0.9702370844283368,0,0,0,0,0,0,0,0,0,0,0
ccdc-757029,0.304255531702266,0,0,0,0,0,0,0,0,0,0,0
ccdc-776500,0.9127665951067979,0,0,0,0,0,0,0,0,0,0,0
ccdc-734924,3.4651324443869176,0,0,0,0,0,0,0,0,0,0,0
ccdc-204430,0.6930264888773835,0,0,0,0,0,0,0,0,0,0,0
ccdc-683451,0.34651324443869175,0,0,0,0,0,0,0,0,0,0,0
ccdc-777590,0.608511063404532,0,0,0,0,0,0,0,0,0,0,0
ccdc-662550,0.5197698666580376,0,0,0,0,0,0,0,0,0,0,0
ccdc-284242,0.608511063404532,0,0,0,0,0,0,0,0,0,0,0
ccdc-244477,6.08511063404532,0,0,0,0,0,0,0,0,0,0,0
ccdc-251148,0.050709255283711,0,0,0,0,0,0,0,0,0,0,0
ccdc-274123,0.34651324443869175,0,0,0,0,0,0,0,0,0,0,0
ccdc-202453,6.930264888773835,0,0,0,0,0,0,0,0,0,0,0
ccdc-174370,1.0395397333160752,0,0,0,0,0,0,0,0,0,0,0
ccdc-230122,2.2523360888514965,0,0,0,0,0,0,0,0,0,0,0
ccdc-734009,0.34651324443869175,0,0,0,0,0,0,0,0,0,0,0
ccdc-244478,1.01418510567422,0,0,0,0,0,0,0,0,0,0,0
mp-9791,58.06655554513503,0,0,0,0,0,0,0,0,0,0,0
mp-715584,9.735055559801342,0,0,0,0,0,0,0,0,0,0,0
mp-17066,0.08068687669893147,0,0,0,0,0,0,0,0,0,0,0
mp-22925,10.823856734137923,0,0,0,0,0,0,0,0,0,0,0
mp-18463,0.6767218529400884,0,0,0,0,0,0,0,0,0,0,0
mp-632229,2.9096822748583326,0,0,0,0,0,0,0,0,0,0,0
mp-6015,0.3308593648810984,0,0,0,0,0,0,0,0,0,0,0
mp-8943,60.353692850405174,0,0,0,0,0,0,0,0,0,0,0
mp-20694,1.0896320259938346,0,0,0,0,0,0,0,0,0,0,0
mp-7688,2.274151431515249,0,0,0,0,0,0,0,0,0,0,0
mp-556717,6.955607153649836,0,0,0,0,0,0,0,0,0,0,0
mp-6257,1.6223882193423842,0,0,0,0,0,0,0,0,0,0,0
mp-3589,0.7869998464778697,0,0,0,0,0,0,0,0,0,0,0
mp-558387,1.984887566924732,0,0,0,0,0,0,0,0,0,0,0
mp-555434,0.0,0,0,0,0,0,0,0,0,0,0,0
mp-1178514,13.130906302578987,0,0,0,0,0,0,0,0,0,0,0
mp-22981,8.158009457505639,0,0,0,0,0,0,0,0,0,0,0
mp-1100408,56.49698149014499,0,0,0,0,0,0,0,0,0,0,0
mp-571156,0.48526722867381217,0,0,0,0,0,0,0,0,0,0,0
mp-556120,1.585756854057543,0,0,0,0,0,0,0,0,0,0,0
mp-696457,0.3442365386184331,0,0,0,0,0,0,0,0,0,0,0
mp-997035,12.963854919450904,0,0,0,0,0,0,0,0,0,0,0
mp-19241,1.7339725319060741,0,0,0,0,0,0,0,0,0,0,0
mp-1700,0.05654081964133777,0,0,0,0,0,0,0,0,0,0,0
mp-29966,0.34223676390976554,0,0,0,0,0,0,0,0,0,0,0
mp-14444,13.325062106678276,0,0,0,0,0,0,0,0,0,0,0
mp-556966,0.45241107255617485,0,0,0,0,0,0,0,0,0,0,0
mp-545399,10.2285089778257,0,0,0,0,0,0,0,0,0,0,0
mp-29085,0.012237833608468921,0,0,0,0,0,0,0,0,0,0,0
mp-30927,0.671167606415793,0,0,0,0,0,0,0,0,0,0,0
mp-17677,0.5404839216850025,0,0,0,0,0,0,0,0,0,0,0
mp-983357,0.16371619539108934,0,0,0,0,0,0,0,0,0,0,0
mp-29155,4.085509473527838,0,0,0,0,0,0,0,0,0,0,0
mp-18502,0.45977688087862373,0,0,0,0,0,0,0,0,0,0,0
mp-752676,4.733216680723385,0,0,0,0,0,0,0,0,0,0,0
mp-2739,0.0,0,0,0,0,0,0,0,0,0,0,0
mp-560721,0.07431441361827847,0,0,0,0,0,0,0,0,0,0,0
mp-4515,19.309257878157577,0,0,0,0,0,0,0,0,0,0,0
mp-230,5.6799193079013435,0,0,0,0,0,0,0,0,0,0,0
mp-10695,12.116900486159818,0,0,0,0,0,0,0,0,0,0,0
mp-27987,1.9273726316225464,0,0,0,0,0,0,0,0,0,0,0
mp-625830,8.885292613896935,0,0,0,0,0,0,0,0,0,0,0
mp-560394,0.19143589023855628,0,0,0,0,0,0,0,0,0,0,0
mp-154,0.0011325067013362123,0,0,0,0,0,0,0,0,0,0,0
mp-24118,0.3787474277140374,0,0,0,0,0,0,0,0,0,0,0
mp-23672,0.5559847264731547,0,0,0,0,0,0,0,0,0,0,0
mp-28405,0.593199831507859,0,0,0,0,0,0,0,0,0,0,0
mp-2469,16.722416469537016,0,0,0,0,0,0,0,0,0,0,0
mp-30530,4.306737051245574,0,0,0,0,0,0,0,0,0,0,0
mp-38487,1.2915076564693866,0,0,0,0,0,0,0,0,0,0,0
mp-18509,0.0696207142820501,0,0,0,0,0,0,0,0,0,0,0
mp-1100395,0.033053982902432284,0,0,0,0,0,0,0,0,0,0,0
mp-9813,11.766652101846415,0,0,0,0,0,0,0,0,0,0,0
mp-997027,10.160943091356517,0,0,0,0,0,0,0,0,0,0,0
mp-604884,14.552923693427182,0,0,0,0,0,0,0,0,0,0,0
mp-24468,0.4425642843690028,0,0,0,0,0,0,0,0,0,0,0
mp-555235,0.24750193847437119,0,0,0,0,0,0,0,0,0,0,0
mp-546285,31.259959486641662,0,0,0,0,0,0,0,0,0,0,0
mp-768232,0.048021664753674316,0,0,0,0,0,0,0,0,0,0,0
mp-28128,4.601898723166962,0,0,0,0,0,0,0,0,0,0,0
mp-733,1.3150027311939771,0,0,0,0,0,0,0,0,0,0,0
mp-696735,0.0,0,0,0,0,0,0,0,0,0,0,0
mp-7446,53.5961503956578,0,0,0,0,0,0,0,0,0,0,0
mp-6765,0.33282103809562225,0,0,0,0,0,0,0,0,0,0,0
mp-27608,0.08264763456990164,0,0,0,0,0,0,0,0,0,0,0
mp-18929,0.36112596150294785,0,0,0,0,0,0,0,0,0,0,0
mp-36582,1.0319897579369024,0,0,0,0,0,0,0,0,0,0,0
mp-27755,0.020290749710385858,0,0,0,0,0,0,0,0,0,0,0
mp-22909,2.587969771590593,0,0,0,0,0,0,0,0,0,0,0
mp-558085,0.40438918366558013,0,0,0,0,0,0,0,0,0,0,0
mp-639506,0.008713540366251006,0,0,0,0,0,0,0,0,0,0,0
mp-554573,0.3870912937734948,0,0,0,0,0,0,0,0,0,0,0
mp-557836,0.10686362813462418,0,0,0,0,0,0,0,0,0,0,0
mp-9844,0.9483778001709776,0,0,0,0,0,0,0,0,0,0,0
mp-306,2.009847568481133,0,0,0,0,0,0,0,0,0,0,0
mp-560398,5.774879861762123,0,0,0,0,0,0,0,0,0,0,0
mp-558102,0.19642731837695565,0,0,0,0,0,0,0,0,0,0,0
mp-685145,11.48655526168129,0,0,0,0,0,0,0,0,0,0,0
mp-555251,0.27750902156935536,0,0,0,0,0,0,0,0,0,0,0
mp-696736,0.07812329608046624,0,0,0,0,0,0,0,0,0,0,0
mp-36111,14.770008722603574,0,0,0,0,0,0,0,0,0,0,0
mp-626620,1.4533845088845947,0,0,0,0,0,0,0,0,0,0,0
mp-972808,0.2403502498834724,0,0,0,0,0,0,0,0,0,0,0
mp-540632,0.18880883769166154,0,0,0,0,0,0,0,0,0,0,0
mp-2133,20.57072569961252,0,0,0,0,0,0,0,0,0,0,0
mp-961682,19.413015748720536,0,0,0,0,0,0,0,0,0,0,0
mp-1572,30.273486617850782,0,0,0,0,0,0,0,0,0,0,0
mp-754712,1.1696427792889832,0,0,0,0,0,0,0,0,0,0,0
mp-1184046,42.28256163673491,0,0,0,0,0,0,0,0,0,0,0
mp-28549,0.47270513073061476,0,0,0,0,0,0,0,0,0,0,0
mp-27726,1.8292939146009835,0,0,0,0,0,0,0,0,0,0,0
mp-556378,2.2894045544638897,0,0,0,0,0,0,0,0,0,0,0
mp-1479,10.91351914902207,0,0,0,0,0,0,0,0,0,0,0
mp-622018,77.72063891248027,0,0,0,0,0,0,0,0,0,0,0
mp-8673,6.72026403203851,0,0,0,0,0,0,0,0,0,0,0
mp-28261,4.714603579807866,0,0,0,0,0,0,0,0,0,0,0
mp-558215,1.48986429596345,0,0,0,0,0,0,0,0,0,0,0
mp-28295,7.468772968584791,0,0,0,0,0,0,0,0,0,0,0
mp-19219,1.762340072595579,0,0,0,0,0,0,0,0,0,0,0
mp-3667,1.8822514922484268,0,0,0,0,0,0,0,0,0,0,0
mp-13979,4.168618400275815,0,0,0,0,0,0,0,0,0,0,0
mp-23334,3.4063784901147125,0,0,0,0,0,0,0,0,0,0,0
mp-7375,19.957849786628316,0,0,0,0,0,0,0,0,0,0,0
mp-558753,4.832406504400316,0,0,0,0,0,0,0,0,0,0,0
mp-23612,1.0305465198395138,0,0,0,0,0,0,0,0,0,0,0
mp-626000,1.6566938228810963,0,0,0,0,0,0,0,0,0,0,0
mp-757836,0.22160789713236434,0,0,0,0,0,0,0,0,0,0,0
mp-38322,12.515742882961291,0,0,0,0,0,0,0,0,0,0,0
mp-7029,0.0,0,0,0,0,0,0,0,0,0,0,0
mp-557391,0.977341888337468,0,0,0,0,0,0,0,0,0,0,0
mp-3775,0.018307439289352658,0,0,0,0,0,0,0,0,0,0,0
mp-753401,2.1579397749482743,0,0,0,0,0,0,0,0,0,0,0
mp-550714,14.158944661626983,0,0,0,0,0,0,0,0,0,0,0
mp-27934,1.4265562932994902,0,0,0,0,0,0,0,0,0,0,0
mp-556605,6.161519106186473,0,0,0,0,0,0,0,0,0,0,0
mp-696794,0.6438216081670893,0,0,0,0,0,0,0,0,0,0,0
mp-13033,16.96501799835684,0,0,0,0,0,0,0,0,0,0,0
mp-7323,0.4547875161142106,0,0,0,0,0,0,0,0,0,0,0
mp-3491,3.233336139909337,0,0,0,0,0,0,0,0,0,0,0
mp-2340,0.6106114108396755,0,0,0,0,0,0,0,0,0,0,0
mp-5967,24.834519713495567,0,0,0,0,0,0,0,0,0,0,0
mp-31451,67.16185625742594,0,0,0,0,0,0,0,0,0,0,0
mp-562613,0.22225139181309336,0,0,0,0,0,0,0,0,0,0,0
mp-5116,0.34455074044049777,0,0,0,0,0,0,0,0,0,0,0
mp-23317,0.4096040095541756,0,0,0,0,0,0,0,0,0,0,0
mp-541040,0.3569593510271363,0,0,0,0,0,0,0,0,0,0,0
mp-1018093,99.04720737303533,0,0,0,0,0,0,0,0,0,0,0
mp-21892,1.6702861993294669,0,0,0,0,0,0,0,0,0,0,0
mp-3281,0.27178127888327513,0,0,0,0,0,0,0,0,0,0,0
mp-8537,0.0,0,0,0,0,0,0,0,0,0,0,0
mp-13868,87.99630875384172,0,0,0,0,0,0,0,0,0,0,0
mp-703444,0.060849901788080536,0,0,0,0,0,0,0,0,0,0,0
mp-625136,1.8670010851694248,0,0,0,0,0,0,0,0,0,0,0
mp-999498,0.8611783793981693,0,0,0,0,0,0,0,0,0,0,0
mp-9203,0.9269482835011424,0,0,0,0,0,0,0,0,0,0,0
mp-757031,0.0,0,0,0,0,0,0,0,0,0,0,0
mp-1778,0.3199415946700273,0,0,0,0,0,0,0,0,0,0,0
mp-6081,6.002712824662894,0,0,0,0,0,0,0,0,0,0,0
mp-1880,2.287384185334439,0,0,0,0,0,0,0,0,0,0,0
mp-16855,1.233650902403107,0,0,0,0,0,0,0,0,0,0,0
mp-7339,0.2194696568679012,0,0,0,0,0,0,0,0,0,0,0
mp-13863,0.2637050305603918,0,0,0,0,0,0,0,0,0,0,0
mp-28099,41.982101607000324,0,0,0,0,0,0,0,0,0,0,0
mp-4779,0.21002503166232805,0,0,0,0,0,0,0,0,0,0,0
mp-643759,0.37632482101301296,0,0,0,0,0,0,0,0,0,0,0
mp-1066781,14.946863539784175,0,0,0,0,0,0,0,0,0,0,0
mp-3277,2.924867469758164,0,0,0,0,0,0,0,0,0,0,0
mp-9437,124.69457428674072,0,0,0,0,0,0,0,0,0,0,0
mp-29909,1.519096084761624,0,0,0,0,0,0,0,0,0,0,0
mp-7667,62.7212532503702,0,0,0,0,0,0,0,0,0,0,0
mp-752955,3.728390886017337,0,0,0,0,0,0,0,0,0,0,0
mp-24066,0.6092193250585226,0,0,0,0,0,0,0,0,0,0,0
mp-624234,9.017647752869767,0,0,0,0,0,0,0,0,0,0,0
mp-961678,85.46617330016595,0,0,0,0,0,0,0,0,0,0,0
mp-20459,23.177085941547627,0,0,0,0,0,0,0,0,0,0,0
mp-561224,3.2011485129224657,0,0,0,0,0,0,0,0,0,0,0
mp-557118,0.3135522285042796,0,0,0,0,0,0,0,0,0,0,0
mp-7575,21.126498387842222,0,0,0,0,0,0,0,0,0,0,0
mp-13031,6.526898117619558,0,0,0,0,0,0,0,0,0,0,0
mp-1023924,2.574703608462258,0,0,0,0,0,0,0,0,0,0,0
mp-13032,71.43864949342648,0,0,0,0,0,0,0,0,0,0,0
mp-770481,0.5048845526445106,0,0,0,0,0,0,0,0,0,0,0
mp-24595,1.183718299879864,0,0,0,0,0,0,0,0,0,0,0
mp-696752,0.47153691334068126,0,0,0,0,0,0,0,0,0,0,0
mp-5046,1.4134537844126622,0,0,0,0,0,0,0,0,0,0,0
mp-696946,0.9635117609804351,0,0,0,0,0,0,0,0,0,0,0
mp-28027,0.7357944083751864,0,0,0,0,0,0,0,0,0,0,0
mp-7868,12.537494954443497,0,0,0,0,0,0,0,0,0,0,0
mp-8075,0.19947586510175921,0,0,0,0,0,0,0,0,0,0,0
mp-924130,33.628992051179374,0,0,0,0,0,0,0,0,0,0,0
mp-2542,0.22665879595718738,0,0,0,0,0,0,0,0,0,0,0
mp-632296,0.3605844919360258,0,0,0,0,0,0,0,0,0,0,0
mp-541629,0.10870374024318182,0,0,0,0,0,0,0,0,0,0,0
mp-557,0.0,0,0,0,0,0,0,0,0,0,0,0
mp-11625,0.04089328504662791,0,0,0,0,0,0,0,0,0,0,0
mp-4376,0.14047308867842676,0,0,0,0,0,0,0,0,0,0,0
mp-556719,1.671371715189994,0,0,0,0,0,0,0,0,0,0,0
mp-561104,12.950752855529803,0,0,0,0,0,0,0,0,0,0,0
mp-759722,0.11700474600060747,0,0,0,0,0,0,0,0,0,0,0
mp-552663,1.1163858753862415,0,0,0,0,0,0,0,0,0,0,0
mp-6980,61.6851473762354,0,0,0,0,0,0,0,0,0,0,0
mp-3977,1.210894758462282,0,0,0,0,0,0,0,0,0,0,0
mp-6040,0.0030362884611063587,0,0,0,0,0,0,0,0,0,0,0
mp-540635,0.3658382562853491,0,0,0,0,0,0,0,0,0,0,0
mp-17944,0.24981753379311908,0,0,0,0,0,0,0,0,0,0,0
mp-23844,0.9555567550237027,0,0,0,0,0,0,0,0,0,0,0
mp-542931,0.715764517857521,0,0,0,0,0,0,0,0,0,0,0
mp-4497,0.7787298889926315,0,0,0,0,0,0,0,0,0,0,0
mp-6945,0.0,0,0,0,0,0,0,0,0,0,0,0
mp-1228894,1.221929780170148,0,0,0,0,0,0,0,0,0,0,0
mp-555903,12.827228882478346,0,0,0,0,0,0,0,0,0,0,0
mp-18741,1.578573323764516,0,0,0,0,0,0,0,0,0,0,0
mp-1070,27.560000071158168,0,0,0,0,0,0,0,0,0,0,0
mp-1023934,4.209110084453436,0,0,0,0,0,0,0,0,0,0,0
mp-706621,0.1740196111115887,0,0,0,0,0,0,0,0,0,0,0
mp-28264,16.16744483548797,0,0,0,0,0,0,0,0,0,0,0
mp-14921,0.6582230366676634,0,0,0,0,0,0,0,0,0,0,0
mp-28512,0.3205331474352721,0,0,0,0,0,0,0,0,0,0,0
mp-29910,2.0052839914326825,0,0,0,0,0,0,0,0,0,0,0
mp-35082,1.1194966959929127,0,0,0,0,0,0,0,0,0,0,0
mp-7913,1.3672630179804992,0,0,0,0,0,0,0,0,0,0,0
mp-4690,0.2332541227625233,0,0,0,0,0,0,0,0,0,0,0
mp-22895,1.1196180989516025,0,0,0,0,0,0,0,0,0,0,0
mp-15349,0.46640625539074737,0,0,0,0,0,0,0,0,0,0,0
mp-567636,84.5399180431537,0,0,0,0,0,0,0,0,0,0,0
mp-380,9.14524877908331,0,0,0,0,0,0,0,0,0,0,0
mp-9066,0.3187769431540912,0,0,0,0,0,0,0,0,0,0,0
mp-559122,0.05081067379427842,0,0,0,0,0,0,0,0,0,0,0
mp-23280,0.10452867822482292,0,0,0,0,0,0,0,0,0,0,0
mp-24473,0.3789603521792347,0,0,0,0,0,0,0,0,0,0,0
mp-561664,0.8595049739738068,0,0,0,0,0,0,0,0,0,0,0
mp-29524,0.44036762442629357,0,0,0,0,0,0,0,0,0,0,0
mp-1788,0.6527464370970225,0,0,0,0,0,0,0,0,0,0,0
mp-6930,0.3146629944045201,0,0,0,0,0,0,0,0,0,0,0
mp-13546,0.0,0,0,0,0,0,0,0,0,0,0,0
mp-23866,0.9147527076054099,0,0,0,0,0,0,0,0,0,0,0
mp-9870,0.7007546748565673,0,0,0,0,0,0,0,0,0,0,0
mp-8062,5.998296388999606,0,0,0,0,0,0,0,0,0,0,0
mp-505702,1.5660454793842995,0,0,0,0,0,0,0,0,0,0,0
mp-20546,4.7654474796717174,0,0,0,0,0,0,0,0,0,0,0
mp-549697,0.06934468805831318,0,0,0,0,0,0,0,0,0,0,0
mp-625151,0.6901670373902248,0,0,0,0,0,0,0,0,0,0,0
mp-9064,0.7760408273808181,0,0,0,0,0,0,0,0,0,0,0
mp-761252,0.051078455527233974,0,0,0,0,0,0,0,0,0,0,0
mp-9113,1.295492097803177,0,0,0,0,0,0,0,0,0,0,0
mp-558608,25.016845455610127,0,0,0,0,0,0,0,0,0,0,0
mp-1550,8.249914096734583,0,0,0,0,0,0,0,0,0,0,0
mp-1218912,9.34844250843122,0,0,0,0,0,0,0,0,0,0,0
mp-6870,0.4679886610347978,0,0,0,0,0,0,0,0,0,0,0
mp-760762,0.40186239658086237,0,0,0,0,0,0,0,0,0,0,0
mp-1219182,5.663201178542296,0,0,0,0,0,0,0,0,0,0,0
mp-540634,0.4603910392264385,0,0,0,0,0,0,0,0,0,0,0
mp-23407,8.003881503889817,0,0,0,0,0,0,0,0,0,0,0
mp-560156,0.12171066422345367,0,0,0,0,0,0,0,0,0,0,0
mp-866291,17.021871525072427,0,0,0,0,0,0,0,0,0,0,0
mp-557027,0.14588679510072838,0,0,0,0,0,0,0,0,0,0,0
mp-6661,1.1378905047331682,0,0,0,0,0,0,0,0,0,0,0
mp-27791,0.7025488453108574,0,0,0,0,0,0,0,0,0,0,0
mp-22869,30.641269978397794,0,0,0,0,0,0,0,0,0,0,0
mp-17392,0.05870441453344276,0,0,0,0,0,0,0,0,0,0,0
mp-23959,0.356271762584741,0,0,0,0,0,0,0,0,0,0,0
mp-12171,1.6544495076910166,0,0,0,0,0,0,0,0,0,0,0
mp-9392,1.586565824689108,0,0,0,0,0,0,0,0,0,0,0
mp-29525,0.04959365166746936,0,0,0,0,0,0,0,0,0,0,0
mp-31454,32.51263624765103,0,0,0,0,0,0,0,0,0,0,0
mp-14168,0.11405417714736232,0,0,0,0,0,0,0,0,0,0,0
mp-41472,0.8417529213486863,0,0,0,0,0,0,0,0,0,0,0
mp-5518,54.193471804112626,0,0,0,0,0,0,0,0,0,0,0
mp-23427,9.424008283621754,0,0,0,0,0,0,0,0,0,0,0
mp-557537,2.398708354227929,0,0,0,0,0,0,0,0,0,0,0
mp-769218,60.609765362228444,0,0,0,0,0,0,0,0,0,0,0
mp-4514,12.083861743205432,0,0,0,0,0,0,0,0,0,0,0
mp-37906,2.6077995168477632,0,0,0,0,0,0,0,0,0,0,0
mp-549720,22.184264901614302,0,0,0,0,0,0,0,0,0,0,0
mp-2691,42.69755636521419,0,0,0,0,0,0,0,0,0,0,0
mp-4524,89.5079519943936,0,0,0,0,0,0,0,0,0,0,0
mp-1219312,72.36320922068887,0,0,0,0,0,0,0,0,0,0,0
mp-23996,0.20161154746548765,0,0,0,0,0,0,0,0,0,0,0
mp-13252,2.1529881122311316,0,0,0,0,0,0,0,0,0,0,0
mp-554432,0.38657654496015836,0,0,0,0,0,0,0,0,0,0,0
mp-29526,1.541967034667084,0,0,0,0,0,0,0,0,0,0,0
mp-755436,0.8565078765356563,0,0,0,0,0,0,0,0,0,0,0
mp-252,5.865624074092324,0,0,0,0,0,0,0,0,0,0,0
mp-14058,0.26838029733942836,0,0,0,0,0,0,0,0,0,0,0
mp-2172,12.824700271409855,0,0,0,0,0,0,0,0,0,0,0
mp-998917,0.0889356492880426,0,0,0,0,0,0,0,0,0,0,0
mp-14,153.47359598423392,0,0,0,0,0,0,0,0,0,0,0
mp-9338,0.22984815111596735,0,0,0,0,0,0,0,0,0,0,0
mp-625150,1.0434618214039357,0,0,0,0,0,0,0,0,0,0,0
mp-551905,0.31499362071091447,0,0,0,0,0,0,0,0,0,0,0
mp-28123,0.07086903216497316,0,0,0,0,0,0,0,0,0,0,0
mp-924128,163.39150002022944,0,0,0,0,0,0,0,0,0,0,0
mp-761033,4.865635101945851,0,0,0,0,0,0,0,0,0,0,0
mp-644222,2.3178203188379585,0,0,0,0,0,0,0,0,0,0,0
mp-1986,23.156981484827483,0,0,0,0,0,0,0,0,0,0,0
mp-4906,4.024264832919472,0,0,0,0,0,0,0,0,0,0,0
mp-556489,3.5172192965018207,0,0,0,0,0,0,0,0,0,0,0
mp-558990,0.22573793291589886,0,0,0,0,0,0,0,0,0,0,0
mp-2964,6.766098014661105,0,0,0,0,0,0,0,0,0,0,0
mp-5342,17.052360751826317,0,0,0,0,0,0,0,0,0,0,0
mp-559961,0.7254550576313167,0,0,0,0,0,0,0,0,0,0,0
mp-3731,16.665916029959668,0,0,0,0,0,0,0,0,0,0,0
mp-752467,15.480525100319648,0,0,0,0,0,0,0,0,0,0,0
mp-28477,0.38406902409902954,0,0,0,0,0,0,0,0,0,0,0
mp-504908,0.566743943232282,0,0,0,0,0,0,0,0,0,0,0
mp-554089,0.3481953414720782,0,0,0,0,0,0,0,0,0,0,0
mp-10851,0.0,0,0,0,0,0,0,0,0,0,0,0
mp-2452,0.7171633997612697,0,0,0,0,0,0,0,0,0,0,0
mp-10341,1.1578195980869757,0,0,0,0,0,0,0,0,0,0,0
mp-29305,2.070196924223808,0,0,0,0,0,0,0,0,0,0,0
mp-23363,0.010133399514194914,0,0,0,0,0,0,0,0,0,0,0
mp-5020,17.00593397803781,0,0,0,0,0,0,0,0,0,0,0
mp-8882,23.146754452427196,0,0,0,0,0,0,0,0,0,0,0
mp-6253,0.16200084840753737,0,0,0,0,0,0,0,0,0,0,0
mp-504894,0.7402000984328494,0,0,0,0,0,0,0,0,0,0,0
mp-1434,11.020016428589864,0,0,0,0,0,0,0,0,0,0,0
mp-8884,39.556646581546694,0,0,0,0,0,0,0,0,0,0,0
mp-7848,0.25956072837447064,0,0,0,0,0,0,0,0,0,0,0
mp-23321,0.04047958149604857,0,0,0,0,0,0,0,0,0,0,0
mp-769349,2.313324231685814,0,0,0,0,0,0,0,0,0,0,0
mp-24509,0.035268287049821,0,0,0,0,0,0,0,0,0,0,0
mp-505297,79.2644313789681,0,0,0,0,0,0,0,0,0,0,0
mp-31408,1.2628765962998543,0,0,0,0,0,0,0,0,0,0,0
mp-8377,1.2845668548469669,0,0,0,0,0,0,0,0,0,0,0
mp-562072,0.2443509981271087,0,0,0,0,0,0,0,0,0,0,0
mp-8184,1.1049937298757682,0,0,0,0,0,0,0,0,0,0,0
mp-556797,0.49153637706297026,0,0,0,0,0,0,0,0,0,0,0
mp-1207095,32.97536798101414,0,0,0,0,0,0,0,0,0,0,0
mp-560008,0.3986723233194805,0,0,0,0,0,0,0,0,0,0,0
mp-6922,0.0,0,0,0,0,0,0,0,0,0,0,0
mp-10616,64.40736559039694,0,0,0,0,0,0,0,0,0,0,0
mp-1100415,52.9780718805297,0,0,0,0,0,0,0,0,0,0,0
mp-961713,48.369462632580195,0,0,0,0,0,0,0,0,0,0,0
mp-7457,0.0,0,0,0,0,0,0,0,0,0,0,0
mp-756570,14.05313585467752,0,0,0,0,0,0,0,0,0,0,0
mp-753798,1.1675314728193882,0,0,0,0,0,0,0,0,0,0,0
mp-780075,1.1401713314510489,0,0,0,0,0,0,0,0,0,0,0
mp-8070,0.6153548057185808,0,0,0,0,0,0,0,0,0,0,0
mp-553342,0.4356925219310824,0,0,0,0,0,0,0,0,0,0,0
mp-13843,0.0,0,0,0,0,0,0,0,0,0,0,0
mp-30847,37.8412577598314,0,0,0,0,0,0,0,0,0,0,0
mp-1228888,28.765636407769605,0,0,0,0,0,0,0,0,0,0,0
mp-600059,0.14130848650078612,0,0,0,0,0,0,0,0,0,0,0
mp-23297,4.751884037356331,0,0,0,0,0,0,0,0,0,0,0
mp-26949,0.10585523443431058,0,0,0,0,0,0,0,0,0,0,0
mp-23360,13.612143475061771,0,0,0,0,0,0,0,0,0,0,0
mp-510293,6.990746795028684,0,0,0,0,0,0,0,0,0,0,0
mp-5730,2.07907645834028,0,0,0,0,0,0,0,0,0,0,0
mp-27988,0.7046260403998165,0,0,0,0,0,0,0,0,0,0,0
mp-754604,1.3696958056267197,0,0,0,0,0,0,0,0,0,0,0
mp-556049,0.4535542864804189,0,0,0,0,0,0,0,0,0,0,0
mp-11674,6.28169285399868,0,0,0,0,0,0,0,0,0,0,0
mp-23794,0.30890523338612014,0,0,0,0,0,0,0,0,0,0,0
mp-555318,0.0468299972545071,0,0,0,0,0,0,0,0,0,0,0
mp-4342,15.537649496250467,0,0,0,0,0,0,0,0,0,0,0
mp-639714,5.535051255696778,0,0,0,0,0,0,0,0,0,0,0
mp-223,1.2789882096518996,0,0,0,0,0,0,0,0,0,0,0
mp-1287,0.1419602868679091,0,0,0,0,0,0,0,0,0,0,0
mp-1190,31.73682689952298,0,0,0,0,0,0,0,0,0,0,0
mp-10182,82.31542133545295,0,0,0,0,0,0,0,0,0,0,0
mp-23326,0.28651986097368703,0,0,0,0,0,0,0,0,0,0,0
mp-7000,0.28508678453110675,0,0,0,0,0,0,0,0,0,0,0
mp-752580,0.34646811603460914,0,0,0,0,0,0,0,0,0,0,0
mp-21896,6.208908650472358,0,0,0,0,0,0,0,0,0,0,0
mp-27640,1.803280278686594,0,0,0,0,0,0,0,0,0,0,0
mp-1039,8.489095816639805,0,0,0,0,0,0,0,0,0,0,0
mp-23778,0.9910363306372058,0,0,0,0,0,0,0,0,0,0,0
mp-540631,0.1282969887929305,0,0,0,0,0,0,0,0,0,0,0
mp-632684,0.6332938609148054,0,0,0,0,0,0,0,0,0,0,0
mp-756117,3.4344281551658917,0,0,0,0,0,0,0,0,0,0,0
mp-555218,0.43828480137810805,0,0,0,0,0,0,0,0,0,0,0
mp-22958,3.7523121855088357,0,0,0,0,0,0,0,0,0,0,0
mp-7826,13.53207520821407,0,0,0,0,0,0,0,0,0,0,0
mp-23904,0.644367428753266,0,0,0,0,0,0,0,0,0,0,0
mp-642725,0.27467117936248964,0,0,0,0,0,0,0,0,0,0,0
mp-12177,20.656612933918858,0,0,0,0,0,0,0,0,0,0,0
mp-1008556,2.072816873604612,0,0,0,0,0,0,0,0,0,0,0
mp-9535,1.1011937361985207,0,0,0,0,0,0,0,0,0,0,0
mp-6655,0.36349239341618766,0,0,0,0,0,0,0,0,0,0,0
mp-28205,0.35945137273482813,0,0,0,0,0,0,0,0,0,0,0
mp-552185,15.054625948970477,0,0,0,0,0,0,0,0,0,0,0
mp-2624,80.41319039662274,0,0,0,0,0,0,0,0,0,0,0
mp-38975,1.6941113696142265,0,0,0,0,0,0,0,0,0,0,0
mp-2176,105.24117706772925,0,0,0,0,0,0,0,0,0,0,0
mp-569346,5.046740267096413,0,0,0,0,0,0,0,0,0,0,0
mp-15573,6.1297188861887495,0,0,0,0,0,0,0,0,0,0,0
mp-24390,0.23606607602836238,0,0,0,0,0,0,0,0,0,0,0
mp-9747,1.926601534154303,0,0,0,0,0,0,0,0,0,0,0
mp-672,6.416373474013926,0,0,0,0,0,0,0,0,0,0,0
mp-570213,132.69232816003452,0,0,0,0,0,0,0,0,0,0,0
mp-17161,1.8812065321682203,0,0,0,0,0,0,0,0,0,0,0
mp-7595,0.2691478239608434,0,0,0,0,0,0,0,0,0,0,0
mp-23843,0.42652399773384037,0,0,0,0,0,0,0,0,0,0,0
mp-23064,7.861509283598823,0,0,0,0,0,0,0,0,0,0,0
mp-555891,0.07454542418967812,0,0,0,0,0,0,0,0,0,0,0
mp-542136,2.274880480931649,0,0,0,0,0,0,0,0,0,0,0
mp-961687,132.39634668848603,0,0,0,0,0,0,0,0,0,0,0
mp-556422,0.40247935918681416,0,0,0,0,0,0,0,0,0,0,0
mp-561385,0.7001237517209437,0,0,0,0,0,0,0,0,0,0,0
mp-27230,0.9550581140134128,0,0,0,0,0,0,0,0,0,0,0
mp-997023,40.16039038290039,0,0,0,0,0,0,0,0,0,0,0
mp-7140,5.783944778075155,0,0,0,0,0,0,0,0,0,0,0
mp-3996,1.9605659626143428,0,0,0,0,0,0,0,0,0,0,0
mp-422,2.3163396205620876,0,0,0,0,0,0,0,0,0,0,0
mp-9816,0.01921880775252647,0,0,0,0,0,0,0,0,0,0,0
mp-31455,59.43317414421008,0,0,0,0,0,0,0,0,0,0,0
mp-29172,0.054301160866307194,0,0,0,0,0,0,0,0,0,0,0
mp-3079,0.0,0,0,0,0,0,0,0,0,0,0,0
mp-559057,1.6293947841631553,0,0,0,0,0,0,0,0,0,0,0
mp-13703,0.8955781574034147,0,0,0,0,0,0,0,0,0,0,0
mp-14367,0.0933726420624065,0,0,0,0,0,0,0,0,0,0,0
mp-971712,13.013414764948184,0,0,0,0,0,0,0,0,0,0,0
mp-1018100,42.20476518576217,0,0,0,0,0,0,0,0,0,0,0
mp-6486,0.03689780545803568,0,0,0,0,0,0,0,0,0,0,0
mp-29946,6.908265523523253,0,0,0,0,0,0,0,0,0,0,0
mp-7812,0.0,0,0,0,0,0,0,0,0,0,0,0
mp-7787,17.67131340903346,0,0,0,0,0,0,0,0,0,0,0
mp-4117,0.1278470208826605,0,0,0,0,0,0,0,0,0,0,0
mp-4187,7.455775517283868,0,0,0,0,0,0,0,0,0,0,0
mp-22913,86.28904083719728,0,0,0,0,0,0,0,0,0,0,0
mp-758337,0.028141663842237968,0,0,0,0,0,0,0,0,0,0,0
mp-6434,0.3247888332161449,0,0,0,0,0,0,0,0,0,0,0
mp-8076,0.311042120367736,0,0,0,0,0,0,0,0,0,0,0
mp-27931,3.5455066140116,0,0,0,0,0,0,0,0,0,0,0
mp-7610,0.5068728127308806,0,0,0,0,0,0,0,0,0,0,0
mp-29515,0.15791436640817463,0,0,0,0,0,0,0,0,0,0,0
mp-21266,0.11114885964327299,0,0,0,0,0,0,0,0,0,0,0
mp-23063,0.2533719564386,0,0,0,0,0,0,0,0,0,0,0
mp-27914,0.10739375114835258,0,0,0,0,0,0,0,0,0,0,0
mp-7648,0.12964666267535446,0,0,0,0,0,0,0,0,0,0,0
mp-23329,8.216685364265059,0,0,0,0,0,0,0,0,0,0,0
mp-7664,0.479844904373625,0,0,0,0,0,0,0,0,0,0,0
mp-3094,0.22675622330935885,0,0,0,0,0,0,0,0,0,0,0
mp-3432,129.22726332798797,0,0,0,0,0,0,0,0,0,0,0
mp-12885,1.9222121188260948,0,0,0,0,0,0,0,0,0,0,0
mp-539,14.433846086053466,0,0,0,0,0,0,0,0,0,0,0
mp-8624,0.955151080981433,0,0,0,0,0,0,0,0,0,0,0
mp-540633,0.29158030144451835,0,0,0,0,0,0,0,0,0,0,0
mp-3288,0.038581565422831025,0,0,0,0,0,0,0,0,0,0,0
mp-966800,98.0655778568035,0,0,0,0,0,0,0,0,0,0,0
mp-27367,4.645738133872603,0,0,0,0,0,0,0,0,0,0,0
mp-554151,0.3857800658603787,0,0,0,0,0,0,0,0,0,0,0
mp-3660,0.8416365876846871,0,0,0,0,0,0,0,0,0,0,0
mp-23400,11.074937404386194,0,0,0,0,0,0,0,0,0,0,0
mp-24610,0.22462002778236936,0,0,0,0,0,0,0,0,0,0,0
mp-866665,0.06533114731522636,0,0,0,0,0,0,0,0,0,0,0
mp-30300,1.4139205763037888,0,0,0,0,0,0,0,0,0,0,0
mp-553887,4.382827628803774,0,0,0,0,0,0,0,0,0,0,0
mp-559872,0.0,0,0,0,0,0,0,0,0,0,0,0
mp-614803,0.8145326842809346,0,0,0,0,0,0,0,0,0,0,0
mp-10796,2.9463988941183614,0,0,0,0,0,0,0,0,0,0,0
mp-27704,14.90306355128032,0,0,0,0,0,0,0,0,0,0,0
mp-1227052,0.8837778041696098,0,0,0,0,0,0,0,0,0,0,0
mp-17229,3.3343415774975083,0,0,0,0,0,0,0,0,0,0,0
mp-7581,17.87068456567949,0,0,0,0,0,0,0,0,0,0,0
mp-555150,1.6714738810391836,0,0,0,0,0,0,0,0,0,0,0
mp-9063,0.9227073613634421,0,0,0,0,0,0,0,0,0,0,0
mp-626799,0.4522744002862484,0,0,0,0,0,0,0,0,0,0,0
mp-29047,1.6589264608032914,0,0,0,0,0,0,0,0,0,0,0
mp-546757,2.1265916096803488,0,0,0,0,0,0,0,0,0,0,0
mp-6268,6.412927176586294,0,0,0,0,0,0,0,0,0,0,0
mp-1014251,14.135015442454515,0,0,0,0,0,0,0,0,0,0,0
mp-550959,7.8015239263904,0,0,0,0,0,0,0,0,0,0,0
mp-752917,0.9963575917128397,0,0,0,0,0,0,0,0,0,0,0
mp-756044,0.2817210171445368,0,0,0,0,0,0,0,0,0,0,0
mp-707138,0.8050012391714805,0,0,0,0,0,0,0,0,0,0,0
mp-661,1.5424101366627492,0,0,0,0,0,0,0,0,0,0,0
mp-626785,1.2924524620621356,0,0,0,0,0,0,0,0,0,0,0
mp-5853,1.1158255175254563,0,0,0,0,0,0,0,0,0,0,0
mp-1094088,97.13462648722428,0,0,0,0,0,0,0,0,0,0,0
mp-11321,0.9499280276872107,0,0,0,0,0,0,0,0,0,0,0
mp-3338,0.26598007282322417,0,0,0,0,0,0,0,0,0,0,0
mp-2254,3.8029227698763237,0,0,0,0,0,0,0,0,0,0,0
mp-3519,21.966928230286808,0,0,0,0,0,0,0,0,0,0,0
mp-1818,0.02926769184124853,0,0,0,0,0,0,0,0,0,0,0
mp-557773,0.11553077594509695,0,0,0,0,0,0,0,0,0,0,0
mp-541950,3.2845740118554474,0,0,0,0,0,0,0,0,0,0,0
mp-561942,2.1456438157345685,0,0,0,0,0,0,0,0,0,0,0
mp-8883,47.4075255413378,0,0,0,0,0,0,0,0,0,0,0
mp-541462,0.0,0,0,0,0,0,0,0,0,0,0,0
mp-4812,0.7380647591118663,0,0,0,0,0,0,0,0,0,0,0
mp-28456,8.534209179594122,0,0,0,0,0,0,0,0,0,0,0
mp-1541,2.555678853958656,0,0,0,0,0,0,0,0,0,0,0
mp-1340,78.99906132047042,0,0,0,0,0,0,0,0,0,0,0
mp-754594,7.995113697008049,0,0,0,0,0,0,0,0,0,0,0
mp-13666,50.26243669911226,0,0,0,0,0,0,0,0,0,0,0
mp-28918,9.530586777266281,0,0,0,0,0,0,0,0,0,0,0
mp-632326,1.5160374622522956,0,0,0,0,0,0,0,0,0,0,0
mp-8059,0.031101676574009408,0,0,0,0,0,0,0,0,0,0,0
mp-5709,7.017975306445924,0,0,0,0,0,0,0,0,0,0,0
mp-27277,0.42568058549865323,0,0,0,0,0,0,0,0,0,0,0
mp-16577,0.19897261165918334,0,0,0,0,0,0,0,0,0,0,0
mp-5784,0.23927348988333913,0,0,0,0,0,0,0,0,0,0,0
mp-760755,0.09891338425010804,0,0,0,0,0,0,0,0,0,0,0
mp-560588,28.669048837055136,0,0,0,0,0,0,0,0,0,0,0
mp-570935,0.24455673927488056,0,0,0,0,0,0,0,0,0,0,0
mp-18578,5.491949093643566,0,0,0,0,0,0,0,0,0,0,0
mp-650960,0.5603686822619551,0,0,0,0,0,0,0,0,0,0,0
mp-12403,0.054384066731770944,0,0,0,0,0,0,0,0,0,0,0
mp-14368,0.7593119370757411,0,0,0,0,0,0,0,0,0,0,0
mp-625054,0.8613089509986972,0,0,0,0,0,0,0,0,0,0,0
mp-9212,0.2288366552202268,0,0,0,0,0,0,0,0,0,0,0
mp-1008680,13.513585504439067,0,0,0,0,0,0,0,0,0,0,0
mp-4533,0.056785077759834726,0,0,0,0,0,0,0,0,0,0,0
mp-406,94.84626992403625,0,0,0,0,0,0,0,0,0,0,0
mp-6126,2.733240571590887,0,0,0,0,0,0,0,0,0,0,0
mp-12240,0.008781152706629287,0,0,0,0,0,0,0,0,0,0,0
mp-961673,34.761338173207186,0,0,0,0,0,0,0,0,0,0,0
mp-28797,9.125916903290426,0,0,0,0,0,0,0,0,0,0,0
mp-559053,0.6657255230012127,0,0,0,0,0,0,0,0,0,0,0
mp-756156,0.8512754226699516,0,0,0,0,0,0,0,0,0,0,0
mp-12779,51.35202811099842,0,0,0,0,0,0,0,0,0,0,0
mp-1008559,3.3748001434829265,0,0,0,0,0,0,0,0,0,0,0
mp-559736,4.903729314560986,0,0,0,0,0,0,0,0,0,0,0
mp-6800,0.610606979282559,0,0,0,0,0,0,0,0,0,0,0
mp-9062,0.6429616842616451,0,0,0,0,0,0,0,0,0,0,0
mp-1215430,40.70959297878433,0,0,0,0,0,0,0,0,0,0,0
mp-755663,5.768763438545642,0,0,0,0,0,0,0,0,0,0,0
mp-20496,2.8657552740580323,0,0,0,0,0,0,0,0,0,0,0
mp-559091,0.0,0,0,0,0,0,0,0,0,0,0,0
mp-22993,1.1087409636932464,0,0,0,0,0,0,0,0,0,0,0
mp-2654,1.5833081969080405,0,0,0,0,0,0,0,0,0,0,0
mp-5263,0.1451529752627174,0,0,0,0,0,0,0,0,0,0,0
mp-555203,0.5807815523068893,0,0,0,0,0,0,0,0,0,0,0
mp-830,4.954852043026685,0,0,0,0,0,0,0,0,0,0,0
mp-1023936,3.059191737020931,0,0,0,0,0,0,0,0,0,0,0
mp-1023937,3.5501112765926752,0,0,0,0,0,0,0,0,0,0,0
mp-13150,14.763272445150402,0,0,0,0,0,0,0,0,0,0,0
mp-5854,0.6266021824852178,0,0,0,0,0,0,0,0,0,0,0
mp-559065,6.49796690407304,0,0,0,0,0,0,0,0,0,0,0
mp-553374,1.0533179758336444,0,0,0,0,0,0,0,0,0,0,0
mp-34579,0.9724106905858833,0,0,0,0,0,0,0,0,0,0,0
mp-28513,0.197998399187853,0,0,0,0,0,0,0,0,0,0,0
mp-2490,48.7515653226855,0,0,0,0,0,0,0,0,0,0,0
mp-1004528,0.3155146687073737,0,0,0,0,0,0,0,0,0,0,0
mp-22894,5.695725986476425,0,0,0,0,0,0,0,0,0,0,0
mp-559377,1.7216130230521776,0,0,0,0,0,0,0,0,0,0,0
mp-27229,2.8967229790700357,0,0,0,0,0,0,0,0,0,0,0
mp-9268,0.2874330074328708,0,0,0,0,0,0,0,0,0,0,0
mp-4236,1.8341597534540104,0,0,0,0,0,0,0,0,0,0,0
mp-28040,0.9328812663693365,0,0,0,0,0,0,0,0,0,0,0
mp-27316,0.09656269367371546,0,0,0,0,0,0,0,0,0,0,0
mp-14175,3.1360293775956336,0,0,0,0,0,0,0,0,0,0,0
mp-8880,9.648340415697998,0,0,0,0,0,0,0,0,0,0,0
mp-17250,0.07117043979068838,0,0,0,0,0,0,0,0,0,0,0
mp-23195,48.696689456925974,0,0,0,0,0,0,0,0,0,0,0
mp-22914,115.09775475733038,0,0,0,0,0,0,0,0,0,0,0
mp-554845,0.0,0,0,0,0,0,0,0,0,0,0,0
mp-16964,0.11219365443392107,0,0,0,0,0,0,0,0,0,0,0
mp-6564,0.14035476708276473,0,0,0,0,0,0,0,0,0,0,0
mp-23292,11.981311335813828,0,0,0,0,0,0,0,0,0,0,0
mp-11342,30.430037341756062,0,0,0,0,0,0,0,0,0,0,0
mp-555560,5.581457859024955,0,0,0,0,0,0,0,0,0,0,0
mp-570136,0.8692408372657581,0,0,0,0,0,0,0,0,0,0,0
mp-972825,0.8931252102269072,0,0,0,0,0,0,0,0,0,0,0
mp-16792,7.0488968877191125,0,0,0,0,0,0,0,0,0,0,0
mp-863374,5.29619994078288,0,0,0,0,0,0,0,0,0,0,0
mp-559545,5.7675183594038915,0,0,0,0,0,0,0,0,0,0,0
mp-2534,142.14100060013348,0,0,0,0,0,0,0,0,0,0,0
mp-551629,1.1664480962061097,0,0,0,0,0,0,0,0,0,0,0
mp-7324,0.4445437440321202,0,0,0,0,0,0,0,0,0,0,0
mp-18938,2.445281830640776,0,0,0,0,0,0,0,0,0,0,0
mp-3427,0.0,0,0,0,0,0,0,0,0,0,0,0
mp-1228809,54.103074362480896,0,0,0,0,0,0,0,0,0,0,0
mp-1225654,55.65191069472298,0,0,0,0,0,0,0,0,0,0,0
mp-677192,0.0623219357698013,0,0,0,0,0,0,0,0,0,0,0
mp-1215446,41.10071276026735,0,0,0,0,0,0,0,0,0,0,0
mp-38011,6.982842571320352,0,0,0,0,0,0,0,0,0,0,0
mp-690977,3.222643488884922,0,0,0,0,0,0,0,0,0,0,0
mp-6062,1.729193881222445,0,0,0,0,0,0,0,0,0,0,0
mp-29505,0.49617315986601757,0,0,0,0,0,0,0,0,0,0,0
mp-703459,0.1580054436343737,0,0,0,0,0,0,0,0,0,0,0
mp-997026,42.09788745835405,0,0,0,0,0,0,0,0,0,0,0
mp-34078,0.9998597402940835,0,0,0,0,0,0,0,0,0,0,0
mp-13725,0.1996488420774264,0,0,0,0,0,0,0,0,0,0,0
mp-29365,8.69420042964975,0,0,0,0,0,0,0,0,0,0,0
mp-9309,0.8617651376785297,0,0,0,0,0,0,0,0,0,0,0
mp-9197,0.2605504044755658,0,0,0,0,0,0,0,0,0,0,0
mp-1067154,2.349517669640384,0,0,0,0,0,0,0,0,0,0,0
mp-754585,6.211407072125331,0,0,0,0,0,0,0,0,0,0,0
mp-29839,1.1464901679947244,0,0,0,0,0,0,0,0,0,0,0
mp-20351,90.02158853932285,0,0,0,0,0,0,0,0,0,0,0
mp-862539,0.588539325504859,0,0,0,0,0,0,0,0,0,0,0
mp-555880,0.951083569180813,0,0,0,0,0,0,0,0,0,0,0
mp-10517,0.7850735880127658,0,0,0,0,0,0,0,0,0,0,0
mp-27529,46.64541989614342,0,0,0,0,0,0,0,0,0,0,0
mp-3161,90.64538844319542,0,0,0,0,0,0,0,0,0,0,0
mp-545343,0.0,0,0,0,0,0,0,0,0,0,0,0
mp-606393,0.8428131774429185,0,0,0,0,0,0,0,0,0,0,0
mp-558491,0.9163067631738268,0,0,0,0,0,0,0,0,0,0,0
mp-707304,0.31599086582036634,0,0,0,0,0,0,0,0,0,0,0
mp-23339,0.0011663128715253528,0,0,0,0,0,0,0,0,0,0,0
mp-3666,8.844143660583915,0,0,0,0,0,0,0,0,0,0,0
mp-18168,2.408540245666697,0,0,0,0,0,0,0,0,0,0,0
mp-697111,0.42927607116544253,0,0,0,0,0,0,0,0,0,0,0
mp-23487,9.410485187244927,0,0,0,0,0,0,0,0,0,0,0
mp-21521,7.52557003117935,0,0,0,0,0,0,0,0,0,0,0
mp-753671,2.88222955490066,0,0,0,0,0,0,0,0,0,0,0
mp-1017534,86.43319034688378,0,0,0,0,0,0,0,0,0,0,0
